label,payload,source_ip,destination_ip,protocol,port
BENIGN,,0.0.0.0,0.0.0.0,Unknown,40474
BENIGN,,0.0.0.0,0.0.0.0,Unknown,28907
BENIGN,,0.0.0.0,0.0.0.0,Unknown,0
BENIGN,,0.0.0.0,0.0.0.0,Unknown,443
BENIGN,,0.0.0.0,0.0.0.0,Unknown,17541
BENIGN,,0.0.0.0,0.0.0.0,Unknown,62769
BENIGN,,0.0.0.0,0.0.0.0,Unknown,53
BENIGN,,0.0.0.0,0.0.0.0,Unknown,62230
BENIGN,,0.0.0.0,0.0.0.0,Unknown,64804
BENIGN,,0.0.0.0,0.0.0.0,Unknown,64884
BENIGN,,0.0.0.0,0.0.0.0,Unknown,53083
BENIGN,,0.0.0.0,0.0.0.0,Unknown,20681
BENIGN,,0.0.0.0,0.0.0.0,Unknown,53
BENIGN,,0.0.0.0,0.0.0.0,Unknown,55862
BENIGN,,0.0.0.0,0.0.0.0,Unknown,50555
BENIGN,,0.0.0.0,0.0.0.0,Unknown,53
BENIGN,,0.0.0.0,0.0.0.0,Unknown,443
BENIGN,,0.0.0.0,0.0.0.0,Unknown,42323
BENIGN,,0.0.0.0,0.0.0.0,Unknown,53736
BENIGN,,0.0.0.0,0.0.0.0,Unknown,60320
BENIGN,,0.0.0.0,0.0.0.0,Unknown,55129
BENIGN,,0.0.0.0,0.0.0.0,Unknown,80
BENIGN,,0.0.0.0,0.0.0.0,Unknown,53
BENIGN,,0.0.0.0,0.0.0.0,Unknown,135
BENIGN,,0.0.0.0,0.0.0.0,Unknown,53
BENIGN,,0.0.0.0,0.0.0.0,Unknown,55176
BENIGN,,0.0.0.0,0.0.0.0,Unknown,55179
BENIGN,,0.0.0.0,0.0.0.0,Unknown,59854
BENIGN,,0.0.0.0,0.0.0.0,Unknown,9569
BENIGN,,0.0.0.0,0.0.0.0,Unknown,443
BENIGN,,0.0.0.0,0.0.0.0,Unknown,52786
BENIGN,,0.0.0.0,0.0.0.0,Unknown,53
BENIGN,,0.0.0.0,0.0.0.0,Unknown,53
BENIGN,,0.0.0.0,0.0.0.0,Unknown,55701
BENIGN,,0.0.0.0,0.0.0.0,Unknown,443
BENIGN,,0.0.0.0,0.0.0.0,Unknown,53
BENIGN,,0.0.0.0,0.0.0.0,Unknown,56068
BENIGN,,0.0.0.0,0.0.0.0,Unknown,64190
BENIGN,,0.0.0.0,0.0.0.0,Unknown,50861
BENIGN,,0.0.0.0,0.0.0.0,Unknown,63194
BENIGN,,0.0.0.0,0.0.0.0,Unknown,53
BENIGN,,0.0.0.0,0.0.0.0,Unknown,60135
BENIGN,,0.0.0.0,0.0.0.0,Unknown,443
BENIGN,,0.0.0.0,0.0.0.0,Unknown,55492
BENIGN,,0.0.0.0,0.0.0.0,Unknown,53
BENIGN,,0.0.0.0,0.0.0.0,Unknown,53
BENIGN,,0.0.0.0,0.0.0.0,Unknown,443
BENIGN,,0.0.0.0,0.0.0.0,Unknown,53
BENIGN,,0.0.0.0,0.0.0.0,Unknown,24741
BENIGN,,0.0.0.0,0.0.0.0,Unknown,53
BENIGN,,0.0.0.0,0.0.0.0,Unknown,443
BENIGN,,0.0.0.0,0.0.0.0,Unknown,443
BENIGN,,0.0.0.0,0.0.0.0,Unknown,53
BENIGN,,0.0.0.0,0.0.0.0,Unknown,80
BENIGN,,0.0.0.0,0.0.0.0,Unknown,53
BENIGN,,0.0.0.0,0.0.0.0,Unknown,443
BENIGN,,0.0.0.0,0.0.0.0,Unknown,80
BENIGN,,0.0.0.0,0.0.0.0,Unknown,9637
BENIGN,,0.0.0.0,0.0.0.0,Unknown,61225
BENIGN,,0.0.0.0,0.0.0.0,Unknown,51950
BENIGN,,0.0.0.0,0.0.0.0,Unknown,53
BENIGN,,0.0.0.0,0.0.0.0,Unknown,53
BENIGN,,0.0.0.0,0.0.0.0,Unknown,52211
BENIGN,,0.0.0.0,0.0.0.0,Unknown,443
BENIGN,,0.0.0.0,0.0.0.0,Unknown,53
BENIGN,,0.0.0.0,0.0.0.0,Unknown,21805
BENIGN,,0.0.0.0,0.0.0.0,Unknown,52993
BENIGN,,0.0.0.0,0.0.0.0,Unknown,53
BENIGN,,0.0.0.0,0.0.0.0,Unknown,53542
BENIGN,,0.0.0.0,0.0.0.0,Unknown,54031
BENIGN,,0.0.0.0,0.0.0.0,Unknown,62649
BENIGN,,0.0.0.0,0.0.0.0,Unknown,53
BENIGN,,0.0.0.0,0.0.0.0,Unknown,53
BENIGN,,0.0.0.0,0.0.0.0,Unknown,53
BENIGN,,0.0.0.0,0.0.0.0,Unknown,34381
BENIGN,,0.0.0.0,0.0.0.0,Unknown,53921
BENIGN,,0.0.0.0,0.0.0.0,Unknown,53
BENIGN,,0.0.0.0,0.0.0.0,Unknown,58995
BENIGN,,0.0.0.0,0.0.0.0,Unknown,443
BENIGN,,0.0.0.0,0.0.0.0,Unknown,53
BENIGN,,0.0.0.0,0.0.0.0,Unknown,64498
BENIGN,,0.0.0.0,0.0.0.0,Unknown,53
BENIGN,,0.0.0.0,0.0.0.0,Unknown,80
BENIGN,,0.0.0.0,0.0.0.0,Unknown,62794
BENIGN,,0.0.0.0,0.0.0.0,Unknown,44484
BENIGN,,0.0.0.0,0.0.0.0,Unknown,9813
BENIGN,,0.0.0.0,0.0.0.0,Unknown,38263
BENIGN,,0.0.0.0,0.0.0.0,Unknown,53
BENIGN,,0.0.0.0,0.0.0.0,Unknown,56413
BENIGN,,0.0.0.0,0.0.0.0,Unknown,53
BENIGN,,0.0.0.0,0.0.0.0,Unknown,59527
BENIGN,,0.0.0.0,0.0.0.0,Unknown,58301
BENIGN,,0.0.0.0,0.0.0.0,Unknown,53
BENIGN,,0.0.0.0,0.0.0.0,Unknown,55684
BENIGN,,0.0.0.0,0.0.0.0,Unknown,80
BENIGN,,0.0.0.0,0.0.0.0,Unknown,443
BENIGN,,0.0.0.0,0.0.0.0,Unknown,80
BENIGN,,0.0.0.0,0.0.0.0,Unknown,53
BENIGN,,0.0.0.0,0.0.0.0,Unknown,14628
BENIGN,,0.0.0.0,0.0.0.0,Unknown,80
BENIGN,,0.0.0.0,0.0.0.0,Unknown,53
BENIGN,,0.0.0.0,0.0.0.0,Unknown,53
BENIGN,,0.0.0.0,0.0.0.0,Unknown,80
BENIGN,,0.0.0.0,0.0.0.0,Unknown,54197
BENIGN,,0.0.0.0,0.0.0.0,Unknown,53
BENIGN,,0.0.0.0,0.0.0.0,Unknown,62832
BENIGN,,0.0.0.0,0.0.0.0,Unknown,53
BENIGN,,0.0.0.0,0.0.0.0,Unknown,56691
BENIGN,,0.0.0.0,0.0.0.0,Unknown,53
BENIGN,,0.0.0.0,0.0.0.0,Unknown,53
BENIGN,,0.0.0.0,0.0.0.0,Unknown,53
BENIGN,,0.0.0.0,0.0.0.0,Unknown,53
BENIGN,,0.0.0.0,0.0.0.0,Unknown,53
BENIGN,,0.0.0.0,0.0.0.0,Unknown,63456
BENIGN,,0.0.0.0,0.0.0.0,Unknown,64576
BENIGN,,0.0.0.0,0.0.0.0,Unknown,53
BENIGN,,0.0.0.0,0.0.0.0,Unknown,80
BENIGN,,0.0.0.0,0.0.0.0,Unknown,53
BENIGN,,0.0.0.0,0.0.0.0,Unknown,80
BENIGN,,0.0.0.0,0.0.0.0,Unknown,41973
BENIGN,,0.0.0.0,0.0.0.0,Unknown,60640
BENIGN,,0.0.0.0,0.0.0.0,Unknown,54232
BENIGN,,0.0.0.0,0.0.0.0,Unknown,57754
BENIGN,,0.0.0.0,0.0.0.0,Unknown,63996
BENIGN,,0.0.0.0,0.0.0.0,Unknown,443
BENIGN,,0.0.0.0,0.0.0.0,Unknown,53
BENIGN,,0.0.0.0,0.0.0.0,Unknown,54640
BENIGN,,0.0.0.0,0.0.0.0,Unknown,63005
BENIGN,,0.0.0.0,0.0.0.0,Unknown,62937
BENIGN,,0.0.0.0,0.0.0.0,Unknown,53
BENIGN,,0.0.0.0,0.0.0.0,Unknown,53
BENIGN,,0.0.0.0,0.0.0.0,Unknown,36594
BENIGN,,0.0.0.0,0.0.0.0,Unknown,123
BENIGN,,0.0.0.0,0.0.0.0,Unknown,32886
BENIGN,,0.0.0.0,0.0.0.0,Unknown,22
BENIGN,,0.0.0.0,0.0.0.0,Unknown,53
BENIGN,,0.0.0.0,0.0.0.0,Unknown,80
BENIGN,,0.0.0.0,0.0.0.0,Unknown,80
BENIGN,,0.0.0.0,0.0.0.0,Unknown,58137
BENIGN,,0.0.0.0,0.0.0.0,Unknown,59850
BENIGN,,0.0.0.0,0.0.0.0,Unknown,18193
BENIGN,,0.0.0.0,0.0.0.0,Unknown,53
BENIGN,,0.0.0.0,0.0.0.0,Unknown,59599
BENIGN,,0.0.0.0,0.0.0.0,Unknown,80
BENIGN,,0.0.0.0,0.0.0.0,Unknown,57962
BENIGN,,0.0.0.0,0.0.0.0,Unknown,137
BENIGN,,0.0.0.0,0.0.0.0,Unknown,53
BENIGN,,0.0.0.0,0.0.0.0,Unknown,53
BENIGN,,0.0.0.0,0.0.0.0,Unknown,58445
BENIGN,,0.0.0.0,0.0.0.0,Unknown,53
BENIGN,,0.0.0.0,0.0.0.0,Unknown,443
BENIGN,,0.0.0.0,0.0.0.0,Unknown,40190
BENIGN,,0.0.0.0,0.0.0.0,Unknown,80
BENIGN,,0.0.0.0,0.0.0.0,Unknown,54299
BENIGN,,0.0.0.0,0.0.0.0,Unknown,80
BENIGN,,0.0.0.0,0.0.0.0,Unknown,80
BENIGN,,0.0.0.0,0.0.0.0,Unknown,53
BENIGN,,0.0.0.0,0.0.0.0,Unknown,53
BENIGN,,0.0.0.0,0.0.0.0,Unknown,65002
BENIGN,,0.0.0.0,0.0.0.0,Unknown,60864
BENIGN,,0.0.0.0,0.0.0.0,Unknown,53
BENIGN,,0.0.0.0,0.0.0.0,Unknown,443
BENIGN,,0.0.0.0,0.0.0.0,Unknown,55420
BENIGN,,0.0.0.0,0.0.0.0,Unknown,45704
BENIGN,,0.0.0.0,0.0.0.0,Unknown,65125
BENIGN,,0.0.0.0,0.0.0.0,Unknown,52816
BENIGN,,0.0.0.0,0.0.0.0,Unknown,53674
BENIGN,,0.0.0.0,0.0.0.0,Unknown,443
BENIGN,,0.0.0.0,0.0.0.0,Unknown,443
BENIGN,,0.0.0.0,0.0.0.0,Unknown,80
BENIGN,,0.0.0.0,0.0.0.0,Unknown,80
BENIGN,,0.0.0.0,0.0.0.0,Unknown,53
BENIGN,,0.0.0.0,0.0.0.0,Unknown,10039
BENIGN,,0.0.0.0,0.0.0.0,Unknown,80
BENIGN,,0.0.0.0,0.0.0.0,Unknown,19665
BENIGN,,0.0.0.0,0.0.0.0,Unknown,65335
BENIGN,,0.0.0.0,0.0.0.0,Unknown,53
BENIGN,,0.0.0.0,0.0.0.0,Unknown,58130
BENIGN,,0.0.0.0,0.0.0.0,Unknown,62013
BENIGN,,0.0.0.0,0.0.0.0,Unknown,80
BENIGN,,0.0.0.0,0.0.0.0,Unknown,443
BENIGN,,0.0.0.0,0.0.0.0,Unknown,53
BENIGN,,0.0.0.0,0.0.0.0,Unknown,53
BENIGN,,0.0.0.0,0.0.0.0,Unknown,56272
BENIGN,,0.0.0.0,0.0.0.0,Unknown,53
BENIGN,,0.0.0.0,0.0.0.0,Unknown,53
BENIGN,,0.0.0.0,0.0.0.0,Unknown,34995
BENIGN,,0.0.0.0,0.0.0.0,Unknown,53
BENIGN,,0.0.0.0,0.0.0.0,Unknown,53725
BENIGN,,0.0.0.0,0.0.0.0,Unknown,53
BENIGN,,0.0.0.0,0.0.0.0,Unknown,53
BENIGN,,0.0.0.0,0.0.0.0,Unknown,55547
BENIGN,,0.0.0.0,0.0.0.0,Unknown,50270
BENIGN,,0.0.0.0,0.0.0.0,Unknown,39671
BENIGN,,0.0.0.0,0.0.0.0,Unknown,53
BENIGN,,0.0.0.0,0.0.0.0,Unknown,443
BENIGN,,0.0.0.0,0.0.0.0,Unknown,56986
BENIGN,,0.0.0.0,0.0.0.0,Unknown,53
BENIGN,,0.0.0.0,0.0.0.0,Unknown,62786
BENIGN,,0.0.0.0,0.0.0.0,Unknown,53
BENIGN,,0.0.0.0,0.0.0.0,Unknown,53
BENIGN,,0.0.0.0,0.0.0.0,Unknown,443
BENIGN,,0.0.0.0,0.0.0.0,Unknown,53
BENIGN,,0.0.0.0,0.0.0.0,Unknown,80
BENIGN,,0.0.0.0,0.0.0.0,Unknown,53
BENIGN,,0.0.0.0,0.0.0.0,Unknown,21
BENIGN,,0.0.0.0,0.0.0.0,Unknown,62129
BENIGN,,0.0.0.0,0.0.0.0,Unknown,49814
BENIGN,,0.0.0.0,0.0.0.0,Unknown,80
BENIGN,,0.0.0.0,0.0.0.0,Unknown,53
BENIGN,,0.0.0.0,0.0.0.0,Unknown,59995
BENIGN,,0.0.0.0,0.0.0.0,Unknown,53
BENIGN,,0.0.0.0,0.0.0.0,Unknown,53
BENIGN,,0.0.0.0,0.0.0.0,Unknown,49266
BENIGN,,0.0.0.0,0.0.0.0,Unknown,53
BENIGN,,0.0.0.0,0.0.0.0,Unknown,51129
BENIGN,,0.0.0.0,0.0.0.0,Unknown,53
BENIGN,,0.0.0.0,0.0.0.0,Unknown,64160
BENIGN,,0.0.0.0,0.0.0.0,Unknown,20707
BENIGN,,0.0.0.0,0.0.0.0,Unknown,58535
BENIGN,,0.0.0.0,0.0.0.0,Unknown,61362
BENIGN,,0.0.0.0,0.0.0.0,Unknown,63296
BENIGN,,0.0.0.0,0.0.0.0,Unknown,24444
BENIGN,,0.0.0.0,0.0.0.0,Unknown,53
BENIGN,,0.0.0.0,0.0.0.0,Unknown,53
BENIGN,,0.0.0.0,0.0.0.0,Unknown,53
BENIGN,,0.0.0.0,0.0.0.0,Unknown,53
BENIGN,,0.0.0.0,0.0.0.0,Unknown,443
BENIGN,,0.0.0.0,0.0.0.0,Unknown,59722
BENIGN,,0.0.0.0,0.0.0.0,Unknown,80
BENIGN,,0.0.0.0,0.0.0.0,Unknown,53
BENIGN,,0.0.0.0,0.0.0.0,Unknown,58554
BENIGN,,0.0.0.0,0.0.0.0,Unknown,38628
BENIGN,,0.0.0.0,0.0.0.0,Unknown,53
BENIGN,,0.0.0.0,0.0.0.0,Unknown,50138
BENIGN,,0.0.0.0,0.0.0.0,Unknown,9645
BENIGN,,0.0.0.0,0.0.0.0,Unknown,50443
BENIGN,,0.0.0.0,0.0.0.0,Unknown,62405
BENIGN,,0.0.0.0,0.0.0.0,Unknown,80
BENIGN,,0.0.0.0,0.0.0.0,Unknown,62675
BENIGN,,0.0.0.0,0.0.0.0,Unknown,53
BENIGN,,0.0.0.0,0.0.0.0,Unknown,58231
BENIGN,,0.0.0.0,0.0.0.0,Unknown,22260
BENIGN,,0.0.0.0,0.0.0.0,Unknown,443
BENIGN,,0.0.0.0,0.0.0.0,Unknown,443
BENIGN,,0.0.0.0,0.0.0.0,Unknown,53
BENIGN,,0.0.0.0,0.0.0.0,Unknown,51289
BENIGN,,0.0.0.0,0.0.0.0,Unknown,53
BENIGN,,0.0.0.0,0.0.0.0,Unknown,53
BENIGN,,0.0.0.0,0.0.0.0,Unknown,80
DDoS,,0.0.0.0,0.0.0.0,Unknown,80
DDoS,,0.0.0.0,0.0.0.0,Unknown,80
DDoS,,0.0.0.0,0.0.0.0,Unknown,80
DDoS,,0.0.0.0,0.0.0.0,Unknown,80
DDoS,,0.0.0.0,0.0.0.0,Unknown,80
DDoS,,0.0.0.0,0.0.0.0,Unknown,80
DDoS,,0.0.0.0,0.0.0.0,Unknown,80
DDoS,,0.0.0.0,0.0.0.0,Unknown,80
DDoS,,0.0.0.0,0.0.0.0,Unknown,80
DDoS,,0.0.0.0,0.0.0.0,Unknown,80
DDoS,,0.0.0.0,0.0.0.0,Unknown,80
DDoS,,0.0.0.0,0.0.0.0,Unknown,80
DDoS,,0.0.0.0,0.0.0.0,Unknown,80
DDoS,,0.0.0.0,0.0.0.0,Unknown,80
DDoS,,0.0.0.0,0.0.0.0,Unknown,80
DDoS,,0.0.0.0,0.0.0.0,Unknown,80
DDoS,,0.0.0.0,0.0.0.0,Unknown,80
DDoS,,0.0.0.0,0.0.0.0,Unknown,80
DDoS,,0.0.0.0,0.0.0.0,Unknown,80
DDoS,,0.0.0.0,0.0.0.0,Unknown,80
DDoS,,0.0.0.0,0.0.0.0,Unknown,80
DDoS,,0.0.0.0,0.0.0.0,Unknown,80
DDoS,,0.0.0.0,0.0.0.0,Unknown,80
DDoS,,0.0.0.0,0.0.0.0,Unknown,80
DDoS,,0.0.0.0,0.0.0.0,Unknown,80
DDoS,,0.0.0.0,0.0.0.0,Unknown,80
DDoS,,0.0.0.0,0.0.0.0,Unknown,80
DDoS,,0.0.0.0,0.0.0.0,Unknown,80
DDoS,,0.0.0.0,0.0.0.0,Unknown,80
DDoS,,0.0.0.0,0.0.0.0,Unknown,80
DDoS,,0.0.0.0,0.0.0.0,Unknown,80
DDoS,,0.0.0.0,0.0.0.0,Unknown,80
DDoS,,0.0.0.0,0.0.0.0,Unknown,80
DDoS,,0.0.0.0,0.0.0.0,Unknown,80
DDoS,,0.0.0.0,0.0.0.0,Unknown,80
DDoS,,0.0.0.0,0.0.0.0,Unknown,80
DDoS,,0.0.0.0,0.0.0.0,Unknown,80
DDoS,,0.0.0.0,0.0.0.0,Unknown,80
DDoS,,0.0.0.0,0.0.0.0,Unknown,80
DDoS,,0.0.0.0,0.0.0.0,Unknown,80
DDoS,,0.0.0.0,0.0.0.0,Unknown,80
DDoS,,0.0.0.0,0.0.0.0,Unknown,80
DDoS,,0.0.0.0,0.0.0.0,Unknown,80
DDoS,,0.0.0.0,0.0.0.0,Unknown,80
DDoS,,0.0.0.0,0.0.0.0,Unknown,80
DDoS,,0.0.0.0,0.0.0.0,Unknown,80
DDoS,,0.0.0.0,0.0.0.0,Unknown,80
DDoS,,0.0.0.0,0.0.0.0,Unknown,80
DDoS,,0.0.0.0,0.0.0.0,Unknown,80
DDoS,,0.0.0.0,0.0.0.0,Unknown,80
DDoS,,0.0.0.0,0.0.0.0,Unknown,80
DDoS,,0.0.0.0,0.0.0.0,Unknown,80
DDoS,,0.0.0.0,0.0.0.0,Unknown,80
DDoS,,0.0.0.0,0.0.0.0,Unknown,80
DDoS,,0.0.0.0,0.0.0.0,Unknown,80
DDoS,,0.0.0.0,0.0.0.0,Unknown,80
DDoS,,0.0.0.0,0.0.0.0,Unknown,80
DDoS,,0.0.0.0,0.0.0.0,Unknown,80
DDoS,,0.0.0.0,0.0.0.0,Unknown,80
DDoS,,0.0.0.0,0.0.0.0,Unknown,80
DDoS,,0.0.0.0,0.0.0.0,Unknown,80
DDoS,,0.0.0.0,0.0.0.0,Unknown,80
DDoS,,0.0.0.0,0.0.0.0,Unknown,80
DDoS,,0.0.0.0,0.0.0.0,Unknown,80
DDoS,,0.0.0.0,0.0.0.0,Unknown,80
DDoS,,0.0.0.0,0.0.0.0,Unknown,80
DDoS,,0.0.0.0,0.0.0.0,Unknown,80
DDoS,,0.0.0.0,0.0.0.0,Unknown,80
DDoS,,0.0.0.0,0.0.0.0,Unknown,80
DDoS,,0.0.0.0,0.0.0.0,Unknown,80
DDoS,,0.0.0.0,0.0.0.0,Unknown,80
DDoS,,0.0.0.0,0.0.0.0,Unknown,80
DDoS,,0.0.0.0,0.0.0.0,Unknown,80
DDoS,,0.0.0.0,0.0.0.0,Unknown,80
DDoS,,0.0.0.0,0.0.0.0,Unknown,80
DDoS,,0.0.0.0,0.0.0.0,Unknown,80
DDoS,,0.0.0.0,0.0.0.0,Unknown,80
DDoS,,0.0.0.0,0.0.0.0,Unknown,80
DDoS,,0.0.0.0,0.0.0.0,Unknown,80
DDoS,,0.0.0.0,0.0.0.0,Unknown,80
DDoS,,0.0.0.0,0.0.0.0,Unknown,80
DDoS,,0.0.0.0,0.0.0.0,Unknown,80
DDoS,,0.0.0.0,0.0.0.0,Unknown,80
DDoS,,0.0.0.0,0.0.0.0,Unknown,80
DDoS,,0.0.0.0,0.0.0.0,Unknown,80
DDoS,,0.0.0.0,0.0.0.0,Unknown,80
DDoS,,0.0.0.0,0.0.0.0,Unknown,80
DDoS,,0.0.0.0,0.0.0.0,Unknown,80
DDoS,,0.0.0.0,0.0.0.0,Unknown,80
DDoS,,0.0.0.0,0.0.0.0,Unknown,80
DDoS,,0.0.0.0,0.0.0.0,Unknown,80
DDoS,,0.0.0.0,0.0.0.0,Unknown,80
DDoS,,0.0.0.0,0.0.0.0,Unknown,80
DDoS,,0.0.0.0,0.0.0.0,Unknown,80
DDoS,,0.0.0.0,0.0.0.0,Unknown,80
DDoS,,0.0.0.0,0.0.0.0,Unknown,80
DDoS,,0.0.0.0,0.0.0.0,Unknown,80
DDoS,,0.0.0.0,0.0.0.0,Unknown,80
DDoS,,0.0.0.0,0.0.0.0,Unknown,80
DDoS,,0.0.0.0,0.0.0.0,Unknown,80
DDoS,,0.0.0.0,0.0.0.0,Unknown,80
DDoS,,0.0.0.0,0.0.0.0,Unknown,80
DDoS,,0.0.0.0,0.0.0.0,Unknown,80
DDoS,,0.0.0.0,0.0.0.0,Unknown,80
DDoS,,0.0.0.0,0.0.0.0,Unknown,80
DDoS,,0.0.0.0,0.0.0.0,Unknown,80
DDoS,,0.0.0.0,0.0.0.0,Unknown,80
DDoS,,0.0.0.0,0.0.0.0,Unknown,80
DDoS,,0.0.0.0,0.0.0.0,Unknown,80
DDoS,,0.0.0.0,0.0.0.0,Unknown,80
DDoS,,0.0.0.0,0.0.0.0,Unknown,80
DDoS,,0.0.0.0,0.0.0.0,Unknown,80
DDoS,,0.0.0.0,0.0.0.0,Unknown,80
DDoS,,0.0.0.0,0.0.0.0,Unknown,80
DDoS,,0.0.0.0,0.0.0.0,Unknown,80
DDoS,,0.0.0.0,0.0.0.0,Unknown,80
DDoS,,0.0.0.0,0.0.0.0,Unknown,80
DDoS,,0.0.0.0,0.0.0.0,Unknown,80
DDoS,,0.0.0.0,0.0.0.0,Unknown,80
DDoS,,0.0.0.0,0.0.0.0,Unknown,80
DDoS,,0.0.0.0,0.0.0.0,Unknown,80
DDoS,,0.0.0.0,0.0.0.0,Unknown,80
DDoS,,0.0.0.0,0.0.0.0,Unknown,80
DDoS,,0.0.0.0,0.0.0.0,Unknown,80
DDoS,,0.0.0.0,0.0.0.0,Unknown,80
DDoS,,0.0.0.0,0.0.0.0,Unknown,80
DDoS,,0.0.0.0,0.0.0.0,Unknown,80
DDoS,,0.0.0.0,0.0.0.0,Unknown,80
DDoS,,0.0.0.0,0.0.0.0,Unknown,80
DDoS,,0.0.0.0,0.0.0.0,Unknown,80
DDoS,,0.0.0.0,0.0.0.0,Unknown,80
DDoS,,0.0.0.0,0.0.0.0,Unknown,80
DDoS,,0.0.0.0,0.0.0.0,Unknown,80
DDoS,,0.0.0.0,0.0.0.0,Unknown,80
DDoS,,0.0.0.0,0.0.0.0,Unknown,80
DDoS,,0.0.0.0,0.0.0.0,Unknown,80
DDoS,,0.0.0.0,0.0.0.0,Unknown,80
DDoS,,0.0.0.0,0.0.0.0,Unknown,80
DDoS,,0.0.0.0,0.0.0.0,Unknown,80
DDoS,,0.0.0.0,0.0.0.0,Unknown,80
DDoS,,0.0.0.0,0.0.0.0,Unknown,80
DDoS,,0.0.0.0,0.0.0.0,Unknown,80
DDoS,,0.0.0.0,0.0.0.0,Unknown,80
DDoS,,0.0.0.0,0.0.0.0,Unknown,80
DDoS,,0.0.0.0,0.0.0.0,Unknown,80
DDoS,,0.0.0.0,0.0.0.0,Unknown,80
DDoS,,0.0.0.0,0.0.0.0,Unknown,80
DDoS,,0.0.0.0,0.0.0.0,Unknown,80
DDoS,,0.0.0.0,0.0.0.0,Unknown,80
DDoS,,0.0.0.0,0.0.0.0,Unknown,80
DDoS,,0.0.0.0,0.0.0.0,Unknown,80
DDoS,,0.0.0.0,0.0.0.0,Unknown,80
DDoS,,0.0.0.0,0.0.0.0,Unknown,80
DDoS,,0.0.0.0,0.0.0.0,Unknown,80
DDoS,,0.0.0.0,0.0.0.0,Unknown,80
DDoS,,0.0.0.0,0.0.0.0,Unknown,80
DDoS,,0.0.0.0,0.0.0.0,Unknown,80
DDoS,,0.0.0.0,0.0.0.0,Unknown,80
DDoS,,0.0.0.0,0.0.0.0,Unknown,80
DDoS,,0.0.0.0,0.0.0.0,Unknown,80
DDoS,,0.0.0.0,0.0.0.0,Unknown,80
DDoS,,0.0.0.0,0.0.0.0,Unknown,80
DDoS,,0.0.0.0,0.0.0.0,Unknown,80
DDoS,,0.0.0.0,0.0.0.0,Unknown,80
DDoS,,0.0.0.0,0.0.0.0,Unknown,80
DDoS,,0.0.0.0,0.0.0.0,Unknown,80
DDoS,,0.0.0.0,0.0.0.0,Unknown,80
DDoS,,0.0.0.0,0.0.0.0,Unknown,80
DDoS,,0.0.0.0,0.0.0.0,Unknown,80
DDoS,,0.0.0.0,0.0.0.0,Unknown,80
DDoS,,0.0.0.0,0.0.0.0,Unknown,80
DDoS,,0.0.0.0,0.0.0.0,Unknown,80
DDoS,,0.0.0.0,0.0.0.0,Unknown,80
DDoS,,0.0.0.0,0.0.0.0,Unknown,80
DDoS,,0.0.0.0,0.0.0.0,Unknown,80
DDoS,,0.0.0.0,0.0.0.0,Unknown,80
DDoS,,0.0.0.0,0.0.0.0,Unknown,80
DDoS,,0.0.0.0,0.0.0.0,Unknown,80
DDoS,,0.0.0.0,0.0.0.0,Unknown,80
DDoS,,0.0.0.0,0.0.0.0,Unknown,80
DDoS,,0.0.0.0,0.0.0.0,Unknown,80
DDoS,,0.0.0.0,0.0.0.0,Unknown,80
DDoS,,0.0.0.0,0.0.0.0,Unknown,80
DDoS,,0.0.0.0,0.0.0.0,Unknown,80
DDoS,,0.0.0.0,0.0.0.0,Unknown,80
DDoS,,0.0.0.0,0.0.0.0,Unknown,80
DDoS,,0.0.0.0,0.0.0.0,Unknown,80
DDoS,,0.0.0.0,0.0.0.0,Unknown,80
DDoS,,0.0.0.0,0.0.0.0,Unknown,80
DDoS,,0.0.0.0,0.0.0.0,Unknown,80
DDoS,,0.0.0.0,0.0.0.0,Unknown,80
DDoS,,0.0.0.0,0.0.0.0,Unknown,80
DDoS,,0.0.0.0,0.0.0.0,Unknown,80
DDoS,,0.0.0.0,0.0.0.0,Unknown,80
DDoS,,0.0.0.0,0.0.0.0,Unknown,80
DDoS,,0.0.0.0,0.0.0.0,Unknown,80
DDoS,,0.0.0.0,0.0.0.0,Unknown,80
DDoS,,0.0.0.0,0.0.0.0,Unknown,80
DDoS,,0.0.0.0,0.0.0.0,Unknown,80
DDoS,,0.0.0.0,0.0.0.0,Unknown,80
DDoS,,0.0.0.0,0.0.0.0,Unknown,80
DDoS,,0.0.0.0,0.0.0.0,Unknown,80
DDoS,,0.0.0.0,0.0.0.0,Unknown,80
DDoS,,0.0.0.0,0.0.0.0,Unknown,80
DDoS,,0.0.0.0,0.0.0.0,Unknown,80
DDoS,,0.0.0.0,0.0.0.0,Unknown,80
DDoS,,0.0.0.0,0.0.0.0,Unknown,80
DDoS,,0.0.0.0,0.0.0.0,Unknown,80
DDoS,,0.0.0.0,0.0.0.0,Unknown,80
DDoS,,0.0.0.0,0.0.0.0,Unknown,80
DDoS,,0.0.0.0,0.0.0.0,Unknown,80
DDoS,,0.0.0.0,0.0.0.0,Unknown,80
DDoS,,0.0.0.0,0.0.0.0,Unknown,80
DDoS,,0.0.0.0,0.0.0.0,Unknown,80
DDoS,,0.0.0.0,0.0.0.0,Unknown,80
DDoS,,0.0.0.0,0.0.0.0,Unknown,80
DDoS,,0.0.0.0,0.0.0.0,Unknown,80
DDoS,,0.0.0.0,0.0.0.0,Unknown,80
DDoS,,0.0.0.0,0.0.0.0,Unknown,80
DDoS,,0.0.0.0,0.0.0.0,Unknown,80
DDoS,,0.0.0.0,0.0.0.0,Unknown,80
DDoS,,0.0.0.0,0.0.0.0,Unknown,80
DDoS,,0.0.0.0,0.0.0.0,Unknown,80
DDoS,,0.0.0.0,0.0.0.0,Unknown,80
DDoS,,0.0.0.0,0.0.0.0,Unknown,80
DDoS,,0.0.0.0,0.0.0.0,Unknown,80
DDoS,,0.0.0.0,0.0.0.0,Unknown,80
DDoS,,0.0.0.0,0.0.0.0,Unknown,80
DDoS,,0.0.0.0,0.0.0.0,Unknown,80
DDoS,,0.0.0.0,0.0.0.0,Unknown,80
DDoS,,0.0.0.0,0.0.0.0,Unknown,80
DDoS,,0.0.0.0,0.0.0.0,Unknown,80
DDoS,,0.0.0.0,0.0.0.0,Unknown,80
DDoS,,0.0.0.0,0.0.0.0,Unknown,80
DDoS,,0.0.0.0,0.0.0.0,Unknown,80
DDoS,,0.0.0.0,0.0.0.0,Unknown,80
DDoS,,0.0.0.0,0.0.0.0,Unknown,80
DDoS,,0.0.0.0,0.0.0.0,Unknown,80
DDoS,,0.0.0.0,0.0.0.0,Unknown,80
DDoS,,0.0.0.0,0.0.0.0,Unknown,80
DDoS,,0.0.0.0,0.0.0.0,Unknown,80
DDoS,,0.0.0.0,0.0.0.0,Unknown,80
DDoS,,0.0.0.0,0.0.0.0,Unknown,80
DDoS,,0.0.0.0,0.0.0.0,Unknown,80
DDoS,,0.0.0.0,0.0.0.0,Unknown,80
DDoS,,0.0.0.0,0.0.0.0,Unknown,80
DDoS,,0.0.0.0,0.0.0.0,Unknown,80
DDoS,,0.0.0.0,0.0.0.0,Unknown,80
DDoS,,0.0.0.0,0.0.0.0,Unknown,80
DDoS,,0.0.0.0,0.0.0.0,Unknown,80
BENIGN,,0.0.0.0,0.0.0.0,Unknown,443
BENIGN,,0.0.0.0,0.0.0.0,Unknown,53
BENIGN,,0.0.0.0,0.0.0.0,Unknown,53
BENIGN,,0.0.0.0,0.0.0.0,Unknown,443
BENIGN,,0.0.0.0,0.0.0.0,Unknown,7021
BENIGN,,0.0.0.0,0.0.0.0,Unknown,53
BENIGN,,0.0.0.0,0.0.0.0,Unknown,53
BENIGN,,0.0.0.0,0.0.0.0,Unknown,53
BENIGN,,0.0.0.0,0.0.0.0,Unknown,53
BENIGN,,0.0.0.0,0.0.0.0,Unknown,53
BENIGN,,0.0.0.0,0.0.0.0,Unknown,53556
BENIGN,,0.0.0.0,0.0.0.0,Unknown,21
BENIGN,,0.0.0.0,0.0.0.0,Unknown,443
BENIGN,,0.0.0.0,0.0.0.0,Unknown,443
BENIGN,,0.0.0.0,0.0.0.0,Unknown,53
BENIGN,,0.0.0.0,0.0.0.0,Unknown,53
BENIGN,,0.0.0.0,0.0.0.0,Unknown,80
BENIGN,,0.0.0.0,0.0.0.0,Unknown,44848
BENIGN,,0.0.0.0,0.0.0.0,Unknown,53212
BENIGN,,0.0.0.0,0.0.0.0,Unknown,53
BENIGN,,0.0.0.0,0.0.0.0,Unknown,443
BENIGN,,0.0.0.0,0.0.0.0,Unknown,80
BENIGN,,0.0.0.0,0.0.0.0,Unknown,0
BENIGN,,0.0.0.0,0.0.0.0,Unknown,53
BENIGN,,0.0.0.0,0.0.0.0,Unknown,53
BENIGN,,0.0.0.0,0.0.0.0,Unknown,443
BENIGN,,0.0.0.0,0.0.0.0,Unknown,80
BENIGN,,0.0.0.0,0.0.0.0,Unknown,443
BENIGN,,0.0.0.0,0.0.0.0,Unknown,21
BENIGN,,0.0.0.0,0.0.0.0,Unknown,53
BENIGN,,0.0.0.0,0.0.0.0,Unknown,53
BENIGN,,0.0.0.0,0.0.0.0,Unknown,443
BENIGN,,0.0.0.0,0.0.0.0,Unknown,6127
BENIGN,,0.0.0.0,0.0.0.0,Unknown,57052
BENIGN,,0.0.0.0,0.0.0.0,Unknown,443
BENIGN,,0.0.0.0,0.0.0.0,Unknown,53
BENIGN,,0.0.0.0,0.0.0.0,Unknown,53
BENIGN,,0.0.0.0,0.0.0.0,Unknown,53
BENIGN,,0.0.0.0,0.0.0.0,Unknown,53
BENIGN,,0.0.0.0,0.0.0.0,Unknown,80
BENIGN,,0.0.0.0,0.0.0.0,Unknown,53
BENIGN,,0.0.0.0,0.0.0.0,Unknown,443
BENIGN,,0.0.0.0,0.0.0.0,Unknown,53
BENIGN,,0.0.0.0,0.0.0.0,Unknown,88
BENIGN,,0.0.0.0,0.0.0.0,Unknown,56150
BENIGN,,0.0.0.0,0.0.0.0,Unknown,53
BENIGN,,0.0.0.0,0.0.0.0,Unknown,443
BENIGN,,0.0.0.0,0.0.0.0,Unknown,443
BENIGN,,0.0.0.0,0.0.0.0,Unknown,53
BENIGN,,0.0.0.0,0.0.0.0,Unknown,53
BENIGN,,0.0.0.0,0.0.0.0,Unknown,53
BENIGN,,0.0.0.0,0.0.0.0,Unknown,53
BENIGN,,0.0.0.0,0.0.0.0,Unknown,443
BENIGN,,0.0.0.0,0.0.0.0,Unknown,80
BENIGN,,0.0.0.0,0.0.0.0,Unknown,52528
BENIGN,,0.0.0.0,0.0.0.0,Unknown,53
BENIGN,,0.0.0.0,0.0.0.0,Unknown,53
BENIGN,,0.0.0.0,0.0.0.0,Unknown,53
BENIGN,,0.0.0.0,0.0.0.0,Unknown,80
BENIGN,,0.0.0.0,0.0.0.0,Unknown,53
BENIGN,,0.0.0.0,0.0.0.0,Unknown,443
BENIGN,,0.0.0.0,0.0.0.0,Unknown,53
BENIGN,,0.0.0.0,0.0.0.0,Unknown,53
BENIGN,,0.0.0.0,0.0.0.0,Unknown,53
BENIGN,,0.0.0.0,0.0.0.0,Unknown,80
BENIGN,,0.0.0.0,0.0.0.0,Unknown,53
BENIGN,,0.0.0.0,0.0.0.0,Unknown,53
BENIGN,,0.0.0.0,0.0.0.0,Unknown,88
BENIGN,,0.0.0.0,0.0.0.0,Unknown,53
BENIGN,,0.0.0.0,0.0.0.0,Unknown,38563
BENIGN,,0.0.0.0,0.0.0.0,Unknown,53
BENIGN,,0.0.0.0,0.0.0.0,Unknown,53
BENIGN,,0.0.0.0,0.0.0.0,Unknown,443
BENIGN,,0.0.0.0,0.0.0.0,Unknown,80
BENIGN,,0.0.0.0,0.0.0.0,Unknown,80
BENIGN,,0.0.0.0,0.0.0.0,Unknown,80
BENIGN,,0.0.0.0,0.0.0.0,Unknown,53
BENIGN,,0.0.0.0,0.0.0.0,Unknown,53
BENIGN,,0.0.0.0,0.0.0.0,Unknown,53
BENIGN,,0.0.0.0,0.0.0.0,Unknown,53
BENIGN,,0.0.0.0,0.0.0.0,Unknown,53
BENIGN,,0.0.0.0,0.0.0.0,Unknown,53
BENIGN,,0.0.0.0,0.0.0.0,Unknown,80
BENIGN,,0.0.0.0,0.0.0.0,Unknown,443
BENIGN,,0.0.0.0,0.0.0.0,Unknown,47838
BENIGN,,0.0.0.0,0.0.0.0,Unknown,54125
BENIGN,,0.0.0.0,0.0.0.0,Unknown,80
BENIGN,,0.0.0.0,0.0.0.0,Unknown,53
BENIGN,,0.0.0.0,0.0.0.0,Unknown,443
BENIGN,,0.0.0.0,0.0.0.0,Unknown,53
BENIGN,,0.0.0.0,0.0.0.0,Unknown,443
BENIGN,,0.0.0.0,0.0.0.0,Unknown,443
BENIGN,,0.0.0.0,0.0.0.0,Unknown,443
BENIGN,,0.0.0.0,0.0.0.0,Unknown,52711
BENIGN,,0.0.0.0,0.0.0.0,Unknown,80
BENIGN,,0.0.0.0,0.0.0.0,Unknown,0
BENIGN,,0.0.0.0,0.0.0.0,Unknown,443
BENIGN,,0.0.0.0,0.0.0.0,Unknown,53
BENIGN,,0.0.0.0,0.0.0.0,Unknown,54968
BENIGN,,0.0.0.0,0.0.0.0,Unknown,53
BENIGN,,0.0.0.0,0.0.0.0,Unknown,53
BENIGN,,0.0.0.0,0.0.0.0,Unknown,53
BENIGN,,0.0.0.0,0.0.0.0,Unknown,53
BENIGN,,0.0.0.0,0.0.0.0,Unknown,53
BENIGN,,0.0.0.0,0.0.0.0,Unknown,53
BENIGN,,0.0.0.0,0.0.0.0,Unknown,443
BENIGN,,0.0.0.0,0.0.0.0,Unknown,53
BENIGN,,0.0.0.0,0.0.0.0,Unknown,443
BENIGN,,0.0.0.0,0.0.0.0,Unknown,22
BENIGN,,0.0.0.0,0.0.0.0,Unknown,53
BENIGN,,0.0.0.0,0.0.0.0,Unknown,53450
BENIGN,,0.0.0.0,0.0.0.0,Unknown,48124
BENIGN,,0.0.0.0,0.0.0.0,Unknown,443
BENIGN,,0.0.0.0,0.0.0.0,Unknown,53
BENIGN,,0.0.0.0,0.0.0.0,Unknown,53
BENIGN,,0.0.0.0,0.0.0.0,Unknown,53
BENIGN,,0.0.0.0,0.0.0.0,Unknown,443
BENIGN,,0.0.0.0,0.0.0.0,Unknown,53
BENIGN,,0.0.0.0,0.0.0.0,Unknown,443
BENIGN,,0.0.0.0,0.0.0.0,Unknown,53
BENIGN,,0.0.0.0,0.0.0.0,Unknown,80
BENIGN,,0.0.0.0,0.0.0.0,Unknown,53094
BENIGN,,0.0.0.0,0.0.0.0,Unknown,53
BENIGN,,0.0.0.0,0.0.0.0,Unknown,443
BENIGN,,0.0.0.0,0.0.0.0,Unknown,53
BENIGN,,0.0.0.0,0.0.0.0,Unknown,53
BENIGN,,0.0.0.0,0.0.0.0,Unknown,7810
BENIGN,,0.0.0.0,0.0.0.0,Unknown,80
BENIGN,,0.0.0.0,0.0.0.0,Unknown,80
BENIGN,,0.0.0.0,0.0.0.0,Unknown,53
BENIGN,,0.0.0.0,0.0.0.0,Unknown,53
BENIGN,,0.0.0.0,0.0.0.0,Unknown,53
BENIGN,,0.0.0.0,0.0.0.0,Unknown,80
BENIGN,,0.0.0.0,0.0.0.0,Unknown,33512
BENIGN,,0.0.0.0,0.0.0.0,Unknown,80
BENIGN,,0.0.0.0,0.0.0.0,Unknown,53
BENIGN,,0.0.0.0,0.0.0.0,Unknown,53
BENIGN,,0.0.0.0,0.0.0.0,Unknown,80
BENIGN,,0.0.0.0,0.0.0.0,Unknown,443
BENIGN,,0.0.0.0,0.0.0.0,Unknown,54090
BENIGN,,0.0.0.0,0.0.0.0,Unknown,80
BENIGN,,0.0.0.0,0.0.0.0,Unknown,37346
BENIGN,,0.0.0.0,0.0.0.0,Unknown,80
BENIGN,,0.0.0.0,0.0.0.0,Unknown,53
BENIGN,,0.0.0.0,0.0.0.0,Unknown,53
BENIGN,,0.0.0.0,0.0.0.0,Unknown,53
BENIGN,,0.0.0.0,0.0.0.0,Unknown,80
BENIGN,,0.0.0.0,0.0.0.0,Unknown,53
BENIGN,,0.0.0.0,0.0.0.0,Unknown,53
BENIGN,,0.0.0.0,0.0.0.0,Unknown,53
BENIGN,,0.0.0.0,0.0.0.0,Unknown,49364
BENIGN,,0.0.0.0,0.0.0.0,Unknown,443
BENIGN,,0.0.0.0,0.0.0.0,Unknown,53
BENIGN,,0.0.0.0,0.0.0.0,Unknown,80
BENIGN,,0.0.0.0,0.0.0.0,Unknown,59980
BENIGN,,0.0.0.0,0.0.0.0,Unknown,443
BENIGN,,0.0.0.0,0.0.0.0,Unknown,53
BENIGN,,0.0.0.0,0.0.0.0,Unknown,57203
BENIGN,,0.0.0.0,0.0.0.0,Unknown,53
BENIGN,,0.0.0.0,0.0.0.0,Unknown,53
BENIGN,,0.0.0.0,0.0.0.0,Unknown,53
BENIGN,,0.0.0.0,0.0.0.0,Unknown,53
BENIGN,,0.0.0.0,0.0.0.0,Unknown,443
BENIGN,,0.0.0.0,0.0.0.0,Unknown,53
BENIGN,,0.0.0.0,0.0.0.0,Unknown,80
BENIGN,,0.0.0.0,0.0.0.0,Unknown,53
BENIGN,,0.0.0.0,0.0.0.0,Unknown,443
BENIGN,,0.0.0.0,0.0.0.0,Unknown,53
BENIGN,,0.0.0.0,0.0.0.0,Unknown,53
BENIGN,,0.0.0.0,0.0.0.0,Unknown,123
BENIGN,,0.0.0.0,0.0.0.0,Unknown,53
BENIGN,,0.0.0.0,0.0.0.0,Unknown,53
BENIGN,,0.0.0.0,0.0.0.0,Unknown,80
BENIGN,,0.0.0.0,0.0.0.0,Unknown,21
BENIGN,,0.0.0.0,0.0.0.0,Unknown,53
BENIGN,,0.0.0.0,0.0.0.0,Unknown,49056
BENIGN,,0.0.0.0,0.0.0.0,Unknown,53
BENIGN,,0.0.0.0,0.0.0.0,Unknown,53
BENIGN,,0.0.0.0,0.0.0.0,Unknown,53
BENIGN,,0.0.0.0,0.0.0.0,Unknown,443
BENIGN,,0.0.0.0,0.0.0.0,Unknown,443
BENIGN,,0.0.0.0,0.0.0.0,Unknown,53
BENIGN,,0.0.0.0,0.0.0.0,Unknown,33812
BENIGN,,0.0.0.0,0.0.0.0,Unknown,53
BENIGN,,0.0.0.0,0.0.0.0,Unknown,59660
BENIGN,,0.0.0.0,0.0.0.0,Unknown,53
BENIGN,,0.0.0.0,0.0.0.0,Unknown,53
BENIGN,,0.0.0.0,0.0.0.0,Unknown,53
BENIGN,,0.0.0.0,0.0.0.0,Unknown,53
BENIGN,,0.0.0.0,0.0.0.0,Unknown,53
BENIGN,,0.0.0.0,0.0.0.0,Unknown,80
BENIGN,,0.0.0.0,0.0.0.0,Unknown,53
BENIGN,,0.0.0.0,0.0.0.0,Unknown,443
BENIGN,,0.0.0.0,0.0.0.0,Unknown,443
BENIGN,,0.0.0.0,0.0.0.0,Unknown,43822
BENIGN,,0.0.0.0,0.0.0.0,Unknown,53
BENIGN,,0.0.0.0,0.0.0.0,Unknown,53
BENIGN,,0.0.0.0,0.0.0.0,Unknown,53
BENIGN,,0.0.0.0,0.0.0.0,Unknown,80
BENIGN,,0.0.0.0,0.0.0.0,Unknown,53
BENIGN,,0.0.0.0,0.0.0.0,Unknown,443
BENIGN,,0.0.0.0,0.0.0.0,Unknown,53
BENIGN,,0.0.0.0,0.0.0.0,Unknown,53
BENIGN,,0.0.0.0,0.0.0.0,Unknown,53
BENIGN,,0.0.0.0,0.0.0.0,Unknown,53
BENIGN,,0.0.0.0,0.0.0.0,Unknown,443
BENIGN,,0.0.0.0,0.0.0.0,Unknown,53
BENIGN,,0.0.0.0,0.0.0.0,Unknown,443
BENIGN,,0.0.0.0,0.0.0.0,Unknown,53
BENIGN,,0.0.0.0,0.0.0.0,Unknown,443
BENIGN,,0.0.0.0,0.0.0.0,Unknown,48527
BENIGN,,0.0.0.0,0.0.0.0,Unknown,53
BENIGN,,0.0.0.0,0.0.0.0,Unknown,53
BENIGN,,0.0.0.0,0.0.0.0,Unknown,80
BENIGN,,0.0.0.0,0.0.0.0,Unknown,80
BENIGN,,0.0.0.0,0.0.0.0,Unknown,53
BENIGN,,0.0.0.0,0.0.0.0,Unknown,443
BENIGN,,0.0.0.0,0.0.0.0,Unknown,56991
BENIGN,,0.0.0.0,0.0.0.0,Unknown,443
BENIGN,,0.0.0.0,0.0.0.0,Unknown,53
BENIGN,,0.0.0.0,0.0.0.0,Unknown,53
BENIGN,,0.0.0.0,0.0.0.0,Unknown,54462
BENIGN,,0.0.0.0,0.0.0.0,Unknown,443
BENIGN,,0.0.0.0,0.0.0.0,Unknown,53
BENIGN,,0.0.0.0,0.0.0.0,Unknown,53
BENIGN,,0.0.0.0,0.0.0.0,Unknown,22
BENIGN,,0.0.0.0,0.0.0.0,Unknown,443
BENIGN,,0.0.0.0,0.0.0.0,Unknown,53
BENIGN,,0.0.0.0,0.0.0.0,Unknown,53
BENIGN,,0.0.0.0,0.0.0.0,Unknown,53
BENIGN,,0.0.0.0,0.0.0.0,Unknown,443
BENIGN,,0.0.0.0,0.0.0.0,Unknown,57209
BENIGN,,0.0.0.0,0.0.0.0,Unknown,443
BENIGN,,0.0.0.0,0.0.0.0,Unknown,53
BENIGN,,0.0.0.0,0.0.0.0,Unknown,53181
BENIGN,,0.0.0.0,0.0.0.0,Unknown,53
BENIGN,,0.0.0.0,0.0.0.0,Unknown,53
BENIGN,,0.0.0.0,0.0.0.0,Unknown,53
BENIGN,,0.0.0.0,0.0.0.0,Unknown,53
BENIGN,,0.0.0.0,0.0.0.0,Unknown,80
BENIGN,,0.0.0.0,0.0.0.0,Unknown,53
BENIGN,,0.0.0.0,0.0.0.0,Unknown,53
BENIGN,,0.0.0.0,0.0.0.0,Unknown,53
BENIGN,,0.0.0.0,0.0.0.0,Unknown,36034
BENIGN,,0.0.0.0,0.0.0.0,Unknown,443
BENIGN,,0.0.0.0,0.0.0.0,Unknown,8572
BENIGN,,0.0.0.0,0.0.0.0,Unknown,57543
BENIGN,,0.0.0.0,0.0.0.0,Unknown,53
BENIGN,,0.0.0.0,0.0.0.0,Unknown,443
BENIGN,,0.0.0.0,0.0.0.0,Unknown,80
PortScan,,0.0.0.0,0.0.0.0,Unknown,84
PortScan,,0.0.0.0,0.0.0.0,Unknown,4449
PortScan,,0.0.0.0,0.0.0.0,Unknown,12345
PortScan,,0.0.0.0,0.0.0.0,Unknown,4125
PortScan,,0.0.0.0,0.0.0.0,Unknown,1984
PortScan,,0.0.0.0,0.0.0.0,Unknown,34573
PortScan,,0.0.0.0,0.0.0.0,Unknown,1311
PortScan,,0.0.0.0,0.0.0.0,Unknown,20222
PortScan,,0.0.0.0,0.0.0.0,Unknown,3071
PortScan,,0.0.0.0,0.0.0.0,Unknown,65000
PortScan,,0.0.0.0,0.0.0.0,Unknown,6699
PortScan,,0.0.0.0,0.0.0.0,Unknown,2161
PortScan,,0.0.0.0,0.0.0.0,Unknown,32772
PortScan,,0.0.0.0,0.0.0.0,Unknown,53
PortScan,,0.0.0.0,0.0.0.0,Unknown,1192
PortScan,,0.0.0.0,0.0.0.0,Unknown,515
PortScan,,0.0.0.0,0.0.0.0,Unknown,50389
PortScan,,0.0.0.0,0.0.0.0,Unknown,3869
PortScan,,0.0.0.0,0.0.0.0,Unknown,4321
PortScan,,0.0.0.0,0.0.0.0,Unknown,1236
PortScan,,0.0.0.0,0.0.0.0,Unknown,32777
PortScan,,0.0.0.0,0.0.0.0,Unknown,1556
PortScan,,0.0.0.0,0.0.0.0,Unknown,999
PortScan,,0.0.0.0,0.0.0.0,Unknown,1151
PortScan,,0.0.0.0,0.0.0.0,Unknown,1
PortScan,,0.0.0.0,0.0.0.0,Unknown,44442
PortScan,,0.0.0.0,0.0.0.0,Unknown,16018
PortScan,,0.0.0.0,0.0.0.0,Unknown,9917
PortScan,,0.0.0.0,0.0.0.0,Unknown,5221
PortScan,,0.0.0.0,0.0.0.0,Unknown,8042
PortScan,,0.0.0.0,0.0.0.0,Unknown,32770
PortScan,,0.0.0.0,0.0.0.0,Unknown,3737
PortScan,,0.0.0.0,0.0.0.0,Unknown,3001
PortScan,,0.0.0.0,0.0.0.0,Unknown,16000
PortScan,,0.0.0.0,0.0.0.0,Unknown,12000
PortScan,,0.0.0.0,0.0.0.0,Unknown,16080
PortScan,,0.0.0.0,0.0.0.0,Unknown,9535
PortScan,,0.0.0.0,0.0.0.0,Unknown,1461
PortScan,,0.0.0.0,0.0.0.0,Unknown,512
PortScan,,0.0.0.0,0.0.0.0,Unknown,3404
PortScan,,0.0.0.0,0.0.0.0,Unknown,8291
PortScan,,0.0.0.0,0.0.0.0,Unknown,873
PortScan,,0.0.0.0,0.0.0.0,Unknown,1106
PortScan,,0.0.0.0,0.0.0.0,Unknown,9968
PortScan,,0.0.0.0,0.0.0.0,Unknown,4242
PortScan,,0.0.0.0,0.0.0.0,Unknown,32776
PortScan,,0.0.0.0,0.0.0.0,Unknown,9
PortScan,,0.0.0.0,0.0.0.0,Unknown,146
PortScan,,0.0.0.0,0.0.0.0,Unknown,9943
PortScan,,0.0.0.0,0.0.0.0,Unknown,49156
PortScan,,0.0.0.0,0.0.0.0,Unknown,1043
PortScan,,0.0.0.0,0.0.0.0,Unknown,33899
PortScan,,0.0.0.0,0.0.0.0,Unknown,2135
PortScan,,0.0.0.0,0.0.0.0,Unknown,9999
PortScan,,0.0.0.0,0.0.0.0,Unknown,32771
PortScan,,0.0.0.0,0.0.0.0,Unknown,1721
PortScan,,0.0.0.0,0.0.0.0,Unknown,1126
PortScan,,0.0.0.0,0.0.0.0,Unknown,2065
PortScan,,0.0.0.0,0.0.0.0,Unknown,1863
PortScan,,0.0.0.0,0.0.0.0,Unknown,6839
PortScan,,0.0.0.0,0.0.0.0,Unknown,5906
PortScan,,0.0.0.0,0.0.0.0,Unknown,60020
PortScan,,0.0.0.0,0.0.0.0,Unknown,3333
PortScan,,0.0.0.0,0.0.0.0,Unknown,4343
PortScan,,0.0.0.0,0.0.0.0,Unknown,2000
PortScan,,0.0.0.0,0.0.0.0,Unknown,1078
PortScan,,0.0.0.0,0.0.0.0,Unknown,2725
PortScan,,0.0.0.0,0.0.0.0,Unknown,2522
PortScan,,0.0.0.0,0.0.0.0,Unknown,8701
PortScan,,0.0.0.0,0.0.0.0,Unknown,9003
PortScan,,0.0.0.0,0.0.0.0,Unknown,3071
PortScan,,0.0.0.0,0.0.0.0,Unknown,2222
PortScan,,0.0.0.0,0.0.0.0,Unknown,1862
PortScan,,0.0.0.0,0.0.0.0,Unknown,3689
PortScan,,0.0.0.0,0.0.0.0,Unknown,5357
PortScan,,0.0.0.0,0.0.0.0,Unknown,16001
PortScan,,0.0.0.0,0.0.0.0,Unknown,2260
PortScan,,0.0.0.0,0.0.0.0,Unknown,9944
PortScan,,0.0.0.0,0.0.0.0,Unknown,62078
PortScan,,0.0.0.0,0.0.0.0,Unknown,10025
PortScan,,0.0.0.0,0.0.0.0,Unknown,1051
PortScan,,0.0.0.0,0.0.0.0,Unknown,79
PortScan,,0.0.0.0,0.0.0.0,Unknown,20221
PortScan,,0.0.0.0,0.0.0.0,Unknown,9502
PortScan,,0.0.0.0,0.0.0.0,Unknown,5999
PortScan,,0.0.0.0,0.0.0.0,Unknown,8080
PortScan,,0.0.0.0,0.0.0.0,Unknown,3914
PortScan,,0.0.0.0,0.0.0.0,Unknown,2875
PortScan,,0.0.0.0,0.0.0.0,Unknown,6901
PortScan,,0.0.0.0,0.0.0.0,Unknown,1163
PortScan,,0.0.0.0,0.0.0.0,Unknown,1974
PortScan,,0.0.0.0,0.0.0.0,Unknown,2022
PortScan,,0.0.0.0,0.0.0.0,Unknown,10629
PortScan,,0.0.0.0,0.0.0.0,Unknown,19350
PortScan,,0.0.0.0,0.0.0.0,Unknown,1719
PortScan,,0.0.0.0,0.0.0.0,Unknown,7920
PortScan,,0.0.0.0,0.0.0.0,Unknown,1070
PortScan,,0.0.0.0,0.0.0.0,Unknown,6004
PortScan,,0.0.0.0,0.0.0.0,Unknown,32772
PortScan,,0.0.0.0,0.0.0.0,Unknown,1049
PortScan,,0.0.0.0,0.0.0.0,Unknown,301
PortScan,,0.0.0.0,0.0.0.0,Unknown,6839
PortScan,,0.0.0.0,0.0.0.0,Unknown,898
PortScan,,0.0.0.0,0.0.0.0,Unknown,5811
PortScan,,0.0.0.0,0.0.0.0,Unknown,19350
PortScan,,0.0.0.0,0.0.0.0,Unknown,2191
PortScan,,0.0.0.0,0.0.0.0,Unknown,64623
PortScan,,0.0.0.0,0.0.0.0,Unknown,5678
PortScan,,0.0.0.0,0.0.0.0,Unknown,1131
PortScan,,0.0.0.0,0.0.0.0,Unknown,543
PortScan,,0.0.0.0,0.0.0.0,Unknown,7004
PortScan,,0.0.0.0,0.0.0.0,Unknown,1079
PortScan,,0.0.0.0,0.0.0.0,Unknown,1723
PortScan,,0.0.0.0,0.0.0.0,Unknown,5877
PortScan,,0.0.0.0,0.0.0.0,Unknown,15742
PortScan,,0.0.0.0,0.0.0.0,Unknown,9929
PortScan,,0.0.0.0,0.0.0.0,Unknown,31337
PortScan,,0.0.0.0,0.0.0.0,Unknown,32776
PortScan,,0.0.0.0,0.0.0.0,Unknown,61532
PortScan,,0.0.0.0,0.0.0.0,Unknown,406
PortScan,,0.0.0.0,0.0.0.0,Unknown,1839
PortScan,,0.0.0.0,0.0.0.0,Unknown,9207
PortScan,,0.0.0.0,0.0.0.0,Unknown,89
PortScan,,0.0.0.0,0.0.0.0,Unknown,24
PortScan,,0.0.0.0,0.0.0.0,Unknown,1443
PortScan,,0.0.0.0,0.0.0.0,Unknown,3369
PortScan,,0.0.0.0,0.0.0.0,Unknown,5440
PortScan,,0.0.0.0,0.0.0.0,Unknown,32776
PortScan,,0.0.0.0,0.0.0.0,Unknown,3269
PortScan,,0.0.0.0,0.0.0.0,Unknown,23502
PortScan,,0.0.0.0,0.0.0.0,Unknown,593
PortScan,,0.0.0.0,0.0.0.0,Unknown,1044
PortScan,,0.0.0.0,0.0.0.0,Unknown,7402
PortScan,,0.0.0.0,0.0.0.0,Unknown,1687
PortScan,,0.0.0.0,0.0.0.0,Unknown,6006
PortScan,,0.0.0.0,0.0.0.0,Unknown,1186
PortScan,,0.0.0.0,0.0.0.0,Unknown,52848
PortScan,,0.0.0.0,0.0.0.0,Unknown,5904
PortScan,,0.0.0.0,0.0.0.0,Unknown,37
PortScan,,0.0.0.0,0.0.0.0,Unknown,3030
PortScan,,0.0.0.0,0.0.0.0,Unknown,5802
PortScan,,0.0.0.0,0.0.0.0,Unknown,64623
PortScan,,0.0.0.0,0.0.0.0,Unknown,1141
PortScan,,0.0.0.0,0.0.0.0,Unknown,7200
PortScan,,0.0.0.0,0.0.0.0,Unknown,9010
PortScan,,0.0.0.0,0.0.0.0,Unknown,1137
PortScan,,0.0.0.0,0.0.0.0,Unknown,3869
PortScan,,0.0.0.0,0.0.0.0,Unknown,49165
PortScan,,0.0.0.0,0.0.0.0,Unknown,56738
PortScan,,0.0.0.0,0.0.0.0,Unknown,3851
PortScan,,0.0.0.0,0.0.0.0,Unknown,8084
PortScan,,0.0.0.0,0.0.0.0,Unknown,17988
PortScan,,0.0.0.0,0.0.0.0,Unknown,110
PortScan,,0.0.0.0,0.0.0.0,Unknown,19801
PortScan,,0.0.0.0,0.0.0.0,Unknown,32780
PortScan,,0.0.0.0,0.0.0.0,Unknown,1077
PortScan,,0.0.0.0,0.0.0.0,Unknown,6007
PortScan,,0.0.0.0,0.0.0.0,Unknown,616
PortScan,,0.0.0.0,0.0.0.0,Unknown,32770
PortScan,,0.0.0.0,0.0.0.0,Unknown,16012
PortScan,,0.0.0.0,0.0.0.0,Unknown,1027
PortScan,,0.0.0.0,0.0.0.0,Unknown,2601
PortScan,,0.0.0.0,0.0.0.0,Unknown,749
PortScan,,0.0.0.0,0.0.0.0,Unknown,111
PortScan,,0.0.0.0,0.0.0.0,Unknown,625
PortScan,,0.0.0.0,0.0.0.0,Unknown,49156
PortScan,,0.0.0.0,0.0.0.0,Unknown,1067
PortScan,,0.0.0.0,0.0.0.0,Unknown,2135
PortScan,,0.0.0.0,0.0.0.0,Unknown,32777
PortScan,,0.0.0.0,0.0.0.0,Unknown,42
PortScan,,0.0.0.0,0.0.0.0,Unknown,6059
PortScan,,0.0.0.0,0.0.0.0,Unknown,992
PortScan,,0.0.0.0,0.0.0.0,Unknown,4662
PortScan,,0.0.0.0,0.0.0.0,Unknown,2013
PortScan,,0.0.0.0,0.0.0.0,Unknown,9111
PortScan,,0.0.0.0,0.0.0.0,Unknown,3003
PortScan,,0.0.0.0,0.0.0.0,Unknown,8084
PortScan,,0.0.0.0,0.0.0.0,Unknown,2161
PortScan,,0.0.0.0,0.0.0.0,Unknown,16001
PortScan,,0.0.0.0,0.0.0.0,Unknown,32783
PortScan,,0.0.0.0,0.0.0.0,Unknown,2602
PortScan,,0.0.0.0,0.0.0.0,Unknown,3322
PortScan,,0.0.0.0,0.0.0.0,Unknown,12174
PortScan,,0.0.0.0,0.0.0.0,Unknown,691
PortScan,,0.0.0.0,0.0.0.0,Unknown,1455
PortScan,,0.0.0.0,0.0.0.0,Unknown,8383
PortScan,,0.0.0.0,0.0.0.0,Unknown,1024
PortScan,,0.0.0.0,0.0.0.0,Unknown,5566
PortScan,,0.0.0.0,0.0.0.0,Unknown,5730
PortScan,,0.0.0.0,0.0.0.0,Unknown,1083
PortScan,,0.0.0.0,0.0.0.0,Unknown,8031
PortScan,,0.0.0.0,0.0.0.0,Unknown,6101
PortScan,,0.0.0.0,0.0.0.0,Unknown,1971
PortScan,,0.0.0.0,0.0.0.0,Unknown,9595
PortScan,,0.0.0.0,0.0.0.0,Unknown,2601
PortScan,,0.0.0.0,0.0.0.0,Unknown,1875
PortScan,,0.0.0.0,0.0.0.0,Unknown,49400
PortScan,,0.0.0.0,0.0.0.0,Unknown,1164
PortScan,,0.0.0.0,0.0.0.0,Unknown,1102
PortScan,,0.0.0.0,0.0.0.0,Unknown,6692
PortScan,,0.0.0.0,0.0.0.0,Unknown,1076
PortScan,,0.0.0.0,0.0.0.0,Unknown,873
PortScan,,0.0.0.0,0.0.0.0,Unknown,8300
PortScan,,0.0.0.0,0.0.0.0,Unknown,5903
PortScan,,0.0.0.0,0.0.0.0,Unknown,6100
PortScan,,0.0.0.0,0.0.0.0,Unknown,31337
PortScan,,0.0.0.0,0.0.0.0,Unknown,3814
PortScan,,0.0.0.0,0.0.0.0,Unknown,7741
PortScan,,0.0.0.0,0.0.0.0,Unknown,1583
PortScan,,0.0.0.0,0.0.0.0,Unknown,6792
PortScan,,0.0.0.0,0.0.0.0,Unknown,5906
PortScan,,0.0.0.0,0.0.0.0,Unknown,9593
PortScan,,0.0.0.0,0.0.0.0,Unknown,9485
PortScan,,0.0.0.0,0.0.0.0,Unknown,1126
PortScan,,0.0.0.0,0.0.0.0,Unknown,3546
PortScan,,0.0.0.0,0.0.0.0,Unknown,648
PortScan,,0.0.0.0,0.0.0.0,Unknown,2010
PortScan,,0.0.0.0,0.0.0.0,Unknown,2046
PortScan,,0.0.0.0,0.0.0.0,Unknown,7402
PortScan,,0.0.0.0,0.0.0.0,Unknown,3301
PortScan,,0.0.0.0,0.0.0.0,Unknown,1002
PortScan,,0.0.0.0,0.0.0.0,Unknown,1093
PortScan,,0.0.0.0,0.0.0.0,Unknown,1010
PortScan,,0.0.0.0,0.0.0.0,Unknown,20031
PortScan,,0.0.0.0,0.0.0.0,Unknown,7004
PortScan,,0.0.0.0,0.0.0.0,Unknown,3030
PortScan,,0.0.0.0,0.0.0.0,Unknown,1201
PortScan,,0.0.0.0,0.0.0.0,Unknown,5100
PortScan,,0.0.0.0,0.0.0.0,Unknown,62078
PortScan,,0.0.0.0,0.0.0.0,Unknown,7025
PortScan,,0.0.0.0,0.0.0.0,Unknown,1066
PortScan,,0.0.0.0,0.0.0.0,Unknown,3211
PortScan,,0.0.0.0,0.0.0.0,Unknown,3998
PortScan,,0.0.0.0,0.0.0.0,Unknown,17877
PortScan,,0.0.0.0,0.0.0.0,Unknown,1169
PortScan,,0.0.0.0,0.0.0.0,Unknown,1718
PortScan,,0.0.0.0,0.0.0.0,Unknown,2382
PortScan,,0.0.0.0,0.0.0.0,Unknown,425
PortScan,,0.0.0.0,0.0.0.0,Unknown,5405
PortScan,,0.0.0.0,0.0.0.0,Unknown,6123
PortScan,,0.0.0.0,0.0.0.0,Unknown,406
PortScan,,0.0.0.0,0.0.0.0,Unknown,9575
PortScan,,0.0.0.0,0.0.0.0,Unknown,17877
PortScan,,0.0.0.0,0.0.0.0,Unknown,1098
PortScan,,0.0.0.0,0.0.0.0,Unknown,1556
PortScan,,0.0.0.0,0.0.0.0,Unknown,389
PortScan,,0.0.0.0,0.0.0.0,Unknown,8099
PortScan,,0.0.0.0,0.0.0.0,Unknown,49175
PortScan,,0.0.0.0,0.0.0.0,Unknown,34571
PortScan,,0.0.0.0,0.0.0.0,Unknown,15003
BENIGN,,0.0.0.0,0.0.0.0,Unknown,53
BENIGN,,0.0.0.0,0.0.0.0,Unknown,53
BENIGN,,0.0.0.0,0.0.0.0,Unknown,54426
BENIGN,,0.0.0.0,0.0.0.0,Unknown,443
BENIGN,,0.0.0.0,0.0.0.0,Unknown,443
BENIGN,,0.0.0.0,0.0.0.0,Unknown,53
BENIGN,,0.0.0.0,0.0.0.0,Unknown,3566
BENIGN,,0.0.0.0,0.0.0.0,Unknown,53
BENIGN,,0.0.0.0,0.0.0.0,Unknown,53
BENIGN,,0.0.0.0,0.0.0.0,Unknown,80
BENIGN,,0.0.0.0,0.0.0.0,Unknown,443
BENIGN,,0.0.0.0,0.0.0.0,Unknown,49821
BENIGN,,0.0.0.0,0.0.0.0,Unknown,443
BENIGN,,0.0.0.0,0.0.0.0,Unknown,80
BENIGN,,0.0.0.0,0.0.0.0,Unknown,123
BENIGN,,0.0.0.0,0.0.0.0,Unknown,53
BENIGN,,0.0.0.0,0.0.0.0,Unknown,53
BENIGN,,0.0.0.0,0.0.0.0,Unknown,53
BENIGN,,0.0.0.0,0.0.0.0,Unknown,123
BENIGN,,0.0.0.0,0.0.0.0,Unknown,53
BENIGN,,0.0.0.0,0.0.0.0,Unknown,54231
BENIGN,,0.0.0.0,0.0.0.0,Unknown,22
BENIGN,,0.0.0.0,0.0.0.0,Unknown,443
BENIGN,,0.0.0.0,0.0.0.0,Unknown,50755
BENIGN,,0.0.0.0,0.0.0.0,Unknown,53
BENIGN,,0.0.0.0,0.0.0.0,Unknown,80
BENIGN,,0.0.0.0,0.0.0.0,Unknown,64771
BENIGN,,0.0.0.0,0.0.0.0,Unknown,49211
BENIGN,,0.0.0.0,0.0.0.0,Unknown,443
BENIGN,,0.0.0.0,0.0.0.0,Unknown,53
BENIGN,,0.0.0.0,0.0.0.0,Unknown,80
BENIGN,,0.0.0.0,0.0.0.0,Unknown,53
BENIGN,,0.0.0.0,0.0.0.0,Unknown,443
BENIGN,,0.0.0.0,0.0.0.0,Unknown,52072
BENIGN,,0.0.0.0,0.0.0.0,Unknown,53
BENIGN,,0.0.0.0,0.0.0.0,Unknown,53
BENIGN,,0.0.0.0,0.0.0.0,Unknown,53
BENIGN,,0.0.0.0,0.0.0.0,Unknown,53
BENIGN,,0.0.0.0,0.0.0.0,Unknown,40644
BENIGN,,0.0.0.0,0.0.0.0,Unknown,53
BENIGN,,0.0.0.0,0.0.0.0,Unknown,53
BENIGN,,0.0.0.0,0.0.0.0,Unknown,53
BENIGN,,0.0.0.0,0.0.0.0,Unknown,80
BENIGN,,0.0.0.0,0.0.0.0,Unknown,53
BENIGN,,0.0.0.0,0.0.0.0,Unknown,80
BENIGN,,0.0.0.0,0.0.0.0,Unknown,443
BENIGN,,0.0.0.0,0.0.0.0,Unknown,50412
BENIGN,,0.0.0.0,0.0.0.0,Unknown,80
BENIGN,,0.0.0.0,0.0.0.0,Unknown,53
BENIGN,,0.0.0.0,0.0.0.0,Unknown,52515
BENIGN,,0.0.0.0,0.0.0.0,Unknown,80
BENIGN,,0.0.0.0,0.0.0.0,Unknown,4353
BENIGN,,0.0.0.0,0.0.0.0,Unknown,53
BENIGN,,0.0.0.0,0.0.0.0,Unknown,53
BENIGN,,0.0.0.0,0.0.0.0,Unknown,443
BENIGN,,0.0.0.0,0.0.0.0,Unknown,443
BENIGN,,0.0.0.0,0.0.0.0,Unknown,53
BENIGN,,0.0.0.0,0.0.0.0,Unknown,443
BENIGN,,0.0.0.0,0.0.0.0,Unknown,443
BENIGN,,0.0.0.0,0.0.0.0,Unknown,53
BENIGN,,0.0.0.0,0.0.0.0,Unknown,41069
BENIGN,,0.0.0.0,0.0.0.0,Unknown,42362
BENIGN,,0.0.0.0,0.0.0.0,Unknown,53
BENIGN,,0.0.0.0,0.0.0.0,Unknown,53
BENIGN,,0.0.0.0,0.0.0.0,Unknown,80
BENIGN,,0.0.0.0,0.0.0.0,Unknown,53
BENIGN,,0.0.0.0,0.0.0.0,Unknown,22
BENIGN,,0.0.0.0,0.0.0.0,Unknown,56222
BENIGN,,0.0.0.0,0.0.0.0,Unknown,53
BENIGN,,0.0.0.0,0.0.0.0,Unknown,80
BENIGN,,0.0.0.0,0.0.0.0,Unknown,443
BENIGN,,0.0.0.0,0.0.0.0,Unknown,53
BENIGN,,0.0.0.0,0.0.0.0,Unknown,53936
BENIGN,,0.0.0.0,0.0.0.0,Unknown,443
BENIGN,,0.0.0.0,0.0.0.0,Unknown,53
BENIGN,,0.0.0.0,0.0.0.0,Unknown,53
BENIGN,,0.0.0.0,0.0.0.0,Unknown,80
BENIGN,,0.0.0.0,0.0.0.0,Unknown,53
BENIGN,,0.0.0.0,0.0.0.0,Unknown,53
BENIGN,,0.0.0.0,0.0.0.0,Unknown,443
BENIGN,,0.0.0.0,0.0.0.0,Unknown,53
BENIGN,,0.0.0.0,0.0.0.0,Unknown,53
BENIGN,,0.0.0.0,0.0.0.0,Unknown,53
BENIGN,,0.0.0.0,0.0.0.0,Unknown,53
BENIGN,,0.0.0.0,0.0.0.0,Unknown,443
BENIGN,,0.0.0.0,0.0.0.0,Unknown,52552
BENIGN,,0.0.0.0,0.0.0.0,Unknown,52548
BENIGN,,0.0.0.0,0.0.0.0,Unknown,80
BENIGN,,0.0.0.0,0.0.0.0,Unknown,53
BENIGN,,0.0.0.0,0.0.0.0,Unknown,443
BENIGN,,0.0.0.0,0.0.0.0,Unknown,53
BENIGN,,0.0.0.0,0.0.0.0,Unknown,49470
BENIGN,,0.0.0.0,0.0.0.0,Unknown,443
BENIGN,,0.0.0.0,0.0.0.0,Unknown,123
BENIGN,,0.0.0.0,0.0.0.0,Unknown,53
BENIGN,,0.0.0.0,0.0.0.0,Unknown,80
BENIGN,,0.0.0.0,0.0.0.0,Unknown,53
BENIGN,,0.0.0.0,0.0.0.0,Unknown,53
BENIGN,,0.0.0.0,0.0.0.0,Unknown,53
BENIGN,,0.0.0.0,0.0.0.0,Unknown,53
BENIGN,,0.0.0.0,0.0.0.0,Unknown,53
BENIGN,,0.0.0.0,0.0.0.0,Unknown,53
BENIGN,,0.0.0.0,0.0.0.0,Unknown,443
BENIGN,,0.0.0.0,0.0.0.0,Unknown,53
BENIGN,,0.0.0.0,0.0.0.0,Unknown,53
BENIGN,,0.0.0.0,0.0.0.0,Unknown,443
BENIGN,,0.0.0.0,0.0.0.0,Unknown,53
BENIGN,,0.0.0.0,0.0.0.0,Unknown,123
BENIGN,,0.0.0.0,0.0.0.0,Unknown,53460
BENIGN,,0.0.0.0,0.0.0.0,Unknown,53
BENIGN,,0.0.0.0,0.0.0.0,Unknown,53
BENIGN,,0.0.0.0,0.0.0.0,Unknown,53
BENIGN,,0.0.0.0,0.0.0.0,Unknown,80
BENIGN,,0.0.0.0,0.0.0.0,Unknown,53
BENIGN,,0.0.0.0,0.0.0.0,Unknown,443
BENIGN,,0.0.0.0,0.0.0.0,Unknown,443
BENIGN,,0.0.0.0,0.0.0.0,Unknown,443
BENIGN,,0.0.0.0,0.0.0.0,Unknown,3622
BENIGN,,0.0.0.0,0.0.0.0,Unknown,59302
BENIGN,,0.0.0.0,0.0.0.0,Unknown,54411
BENIGN,,0.0.0.0,0.0.0.0,Unknown,4647
BENIGN,,0.0.0.0,0.0.0.0,Unknown,443
BENIGN,,0.0.0.0,0.0.0.0,Unknown,443
BENIGN,,0.0.0.0,0.0.0.0,Unknown,45756
BENIGN,,0.0.0.0,0.0.0.0,Unknown,443
BENIGN,,0.0.0.0,0.0.0.0,Unknown,443
BENIGN,,0.0.0.0,0.0.0.0,Unknown,53
BENIGN,,0.0.0.0,0.0.0.0,Unknown,51446
BENIGN,,0.0.0.0,0.0.0.0,Unknown,53
BENIGN,,0.0.0.0,0.0.0.0,Unknown,443
BENIGN,,0.0.0.0,0.0.0.0,Unknown,3268
BENIGN,,0.0.0.0,0.0.0.0,Unknown,57295
BENIGN,,0.0.0.0,0.0.0.0,Unknown,53
BENIGN,,0.0.0.0,0.0.0.0,Unknown,53
BENIGN,,0.0.0.0,0.0.0.0,Unknown,443
BENIGN,,0.0.0.0,0.0.0.0,Unknown,443
BENIGN,,0.0.0.0,0.0.0.0,Unknown,443
BENIGN,,0.0.0.0,0.0.0.0,Unknown,443
BENIGN,,0.0.0.0,0.0.0.0,Unknown,123
BENIGN,,0.0.0.0,0.0.0.0,Unknown,53
BENIGN,,0.0.0.0,0.0.0.0,Unknown,88
BENIGN,,0.0.0.0,0.0.0.0,Unknown,80
BENIGN,,0.0.0.0,0.0.0.0,Unknown,80
BENIGN,,0.0.0.0,0.0.0.0,Unknown,53
BENIGN,,0.0.0.0,0.0.0.0,Unknown,443
BENIGN,,0.0.0.0,0.0.0.0,Unknown,53
BENIGN,,0.0.0.0,0.0.0.0,Unknown,443
BENIGN,,0.0.0.0,0.0.0.0,Unknown,138
BENIGN,,0.0.0.0,0.0.0.0,Unknown,443
BENIGN,,0.0.0.0,0.0.0.0,Unknown,53
BENIGN,,0.0.0.0,0.0.0.0,Unknown,52133
BENIGN,,0.0.0.0,0.0.0.0,Unknown,53
BENIGN,,0.0.0.0,0.0.0.0,Unknown,443
BENIGN,,0.0.0.0,0.0.0.0,Unknown,123
BENIGN,,0.0.0.0,0.0.0.0,Unknown,53
BENIGN,,0.0.0.0,0.0.0.0,Unknown,53
BENIGN,,0.0.0.0,0.0.0.0,Unknown,53
BENIGN,,0.0.0.0,0.0.0.0,Unknown,443
BENIGN,,0.0.0.0,0.0.0.0,Unknown,80
BENIGN,,0.0.0.0,0.0.0.0,Unknown,80
BENIGN,,0.0.0.0,0.0.0.0,Unknown,443
BENIGN,,0.0.0.0,0.0.0.0,Unknown,80
BENIGN,,0.0.0.0,0.0.0.0,Unknown,53
BENIGN,,0.0.0.0,0.0.0.0,Unknown,53
BENIGN,,0.0.0.0,0.0.0.0,Unknown,53
BENIGN,,0.0.0.0,0.0.0.0,Unknown,53
BENIGN,,0.0.0.0,0.0.0.0,Unknown,443
BENIGN,,0.0.0.0,0.0.0.0,Unknown,58516
BENIGN,,0.0.0.0,0.0.0.0,Unknown,53
BENIGN,,0.0.0.0,0.0.0.0,Unknown,80
BENIGN,,0.0.0.0,0.0.0.0,Unknown,443
BENIGN,,0.0.0.0,0.0.0.0,Unknown,80
BENIGN,,0.0.0.0,0.0.0.0,Unknown,80
BENIGN,,0.0.0.0,0.0.0.0,Unknown,53
BENIGN,,0.0.0.0,0.0.0.0,Unknown,53
BENIGN,,0.0.0.0,0.0.0.0,Unknown,53
BENIGN,,0.0.0.0,0.0.0.0,Unknown,53
BENIGN,,0.0.0.0,0.0.0.0,Unknown,443
BENIGN,,0.0.0.0,0.0.0.0,Unknown,53
BENIGN,,0.0.0.0,0.0.0.0,Unknown,443
BENIGN,,0.0.0.0,0.0.0.0,Unknown,53
BENIGN,,0.0.0.0,0.0.0.0,Unknown,53
BENIGN,,0.0.0.0,0.0.0.0,Unknown,443
BENIGN,,0.0.0.0,0.0.0.0,Unknown,123
BENIGN,,0.0.0.0,0.0.0.0,Unknown,57612
BENIGN,,0.0.0.0,0.0.0.0,Unknown,53
BENIGN,,0.0.0.0,0.0.0.0,Unknown,443
BENIGN,,0.0.0.0,0.0.0.0,Unknown,53
BENIGN,,0.0.0.0,0.0.0.0,Unknown,37578
BENIGN,,0.0.0.0,0.0.0.0,Unknown,443
BENIGN,,0.0.0.0,0.0.0.0,Unknown,443
BENIGN,,0.0.0.0,0.0.0.0,Unknown,53
BENIGN,,0.0.0.0,0.0.0.0,Unknown,53
BENIGN,,0.0.0.0,0.0.0.0,Unknown,53
BENIGN,,0.0.0.0,0.0.0.0,Unknown,53
BENIGN,,0.0.0.0,0.0.0.0,Unknown,50746
BENIGN,,0.0.0.0,0.0.0.0,Unknown,443
BENIGN,,0.0.0.0,0.0.0.0,Unknown,53
BENIGN,,0.0.0.0,0.0.0.0,Unknown,53
BENIGN,,0.0.0.0,0.0.0.0,Unknown,123
BENIGN,,0.0.0.0,0.0.0.0,Unknown,443
BENIGN,,0.0.0.0,0.0.0.0,Unknown,50548
BENIGN,,0.0.0.0,0.0.0.0,Unknown,443
BENIGN,,0.0.0.0,0.0.0.0,Unknown,443
BENIGN,,0.0.0.0,0.0.0.0,Unknown,443
BENIGN,,0.0.0.0,0.0.0.0,Unknown,53
BENIGN,,0.0.0.0,0.0.0.0,Unknown,53
BENIGN,,0.0.0.0,0.0.0.0,Unknown,54787
BENIGN,,0.0.0.0,0.0.0.0,Unknown,443
BENIGN,,0.0.0.0,0.0.0.0,Unknown,53
BENIGN,,0.0.0.0,0.0.0.0,Unknown,80
BENIGN,,0.0.0.0,0.0.0.0,Unknown,80
BENIGN,,0.0.0.0,0.0.0.0,Unknown,53
BENIGN,,0.0.0.0,0.0.0.0,Unknown,53
BENIGN,,0.0.0.0,0.0.0.0,Unknown,53
BENIGN,,0.0.0.0,0.0.0.0,Unknown,53
BENIGN,,0.0.0.0,0.0.0.0,Unknown,443
BENIGN,,0.0.0.0,0.0.0.0,Unknown,53
BENIGN,,0.0.0.0,0.0.0.0,Unknown,53
BENIGN,,0.0.0.0,0.0.0.0,Unknown,38632
BENIGN,,0.0.0.0,0.0.0.0,Unknown,53
BENIGN,,0.0.0.0,0.0.0.0,Unknown,53
BENIGN,,0.0.0.0,0.0.0.0,Unknown,53
BENIGN,,0.0.0.0,0.0.0.0,Unknown,443
BENIGN,,0.0.0.0,0.0.0.0,Unknown,53
BENIGN,,0.0.0.0,0.0.0.0,Unknown,59974
BENIGN,,0.0.0.0,0.0.0.0,Unknown,51363
BENIGN,,0.0.0.0,0.0.0.0,Unknown,53
BENIGN,,0.0.0.0,0.0.0.0,Unknown,443
BENIGN,,0.0.0.0,0.0.0.0,Unknown,443
BENIGN,,0.0.0.0,0.0.0.0,Unknown,443
BENIGN,,0.0.0.0,0.0.0.0,Unknown,45292
BENIGN,,0.0.0.0,0.0.0.0,Unknown,62026
BENIGN,,0.0.0.0,0.0.0.0,Unknown,80
BENIGN,,0.0.0.0,0.0.0.0,Unknown,53
BENIGN,,0.0.0.0,0.0.0.0,Unknown,443
BENIGN,,0.0.0.0,0.0.0.0,Unknown,53
BENIGN,,0.0.0.0,0.0.0.0,Unknown,3064
BENIGN,,0.0.0.0,0.0.0.0,Unknown,53
BENIGN,,0.0.0.0,0.0.0.0,Unknown,443
BENIGN,,0.0.0.0,0.0.0.0,Unknown,53
BENIGN,,0.0.0.0,0.0.0.0,Unknown,51952
BENIGN,,0.0.0.0,0.0.0.0,Unknown,80
BENIGN,,0.0.0.0,0.0.0.0,Unknown,51306
BENIGN,,0.0.0.0,0.0.0.0,Unknown,53
BENIGN,,0.0.0.0,0.0.0.0,Unknown,53
BENIGN,,0.0.0.0,0.0.0.0,Unknown,443
BENIGN,,0.0.0.0,0.0.0.0,Unknown,58398
BENIGN,,0.0.0.0,0.0.0.0,Unknown,50074
BENIGN,,0.0.0.0,0.0.0.0,Unknown,53
Web Attack � Brute Force,,0.0.0.0,0.0.0.0,Unknown,80
Web Attack � Brute Force,,0.0.0.0,0.0.0.0,Unknown,80
Web Attack � Brute Force,,0.0.0.0,0.0.0.0,Unknown,80
Web Attack � Brute Force,,0.0.0.0,0.0.0.0,Unknown,80
Web Attack � Brute Force,,0.0.0.0,0.0.0.0,Unknown,80
Web Attack � Brute Force,,0.0.0.0,0.0.0.0,Unknown,80
Web Attack � Brute Force,,0.0.0.0,0.0.0.0,Unknown,80
Web Attack � Brute Force,,0.0.0.0,0.0.0.0,Unknown,80
Web Attack � Brute Force,,0.0.0.0,0.0.0.0,Unknown,80
Web Attack � Brute Force,,0.0.0.0,0.0.0.0,Unknown,80
Web Attack � Brute Force,,0.0.0.0,0.0.0.0,Unknown,80
Web Attack � Brute Force,,0.0.0.0,0.0.0.0,Unknown,80
Web Attack � Brute Force,,0.0.0.0,0.0.0.0,Unknown,80
Web Attack � Brute Force,,0.0.0.0,0.0.0.0,Unknown,80
Web Attack � Brute Force,,0.0.0.0,0.0.0.0,Unknown,80
Web Attack � Brute Force,,0.0.0.0,0.0.0.0,Unknown,80
Web Attack � Brute Force,,0.0.0.0,0.0.0.0,Unknown,80
Web Attack � Brute Force,,0.0.0.0,0.0.0.0,Unknown,80
Web Attack � Brute Force,,0.0.0.0,0.0.0.0,Unknown,80
Web Attack � Brute Force,,0.0.0.0,0.0.0.0,Unknown,80
Web Attack � Brute Force,,0.0.0.0,0.0.0.0,Unknown,80
Web Attack � Brute Force,,0.0.0.0,0.0.0.0,Unknown,80
Web Attack � Brute Force,,0.0.0.0,0.0.0.0,Unknown,80
Web Attack � Brute Force,,0.0.0.0,0.0.0.0,Unknown,80
Web Attack � Brute Force,,0.0.0.0,0.0.0.0,Unknown,80
Web Attack � Brute Force,,0.0.0.0,0.0.0.0,Unknown,80
Web Attack � Brute Force,,0.0.0.0,0.0.0.0,Unknown,80
Web Attack � Brute Force,,0.0.0.0,0.0.0.0,Unknown,80
Web Attack � Brute Force,,0.0.0.0,0.0.0.0,Unknown,80
Web Attack � Brute Force,,0.0.0.0,0.0.0.0,Unknown,80
Web Attack � Brute Force,,0.0.0.0,0.0.0.0,Unknown,80
Web Attack � Brute Force,,0.0.0.0,0.0.0.0,Unknown,80
Web Attack � Brute Force,,0.0.0.0,0.0.0.0,Unknown,80
Web Attack � Brute Force,,0.0.0.0,0.0.0.0,Unknown,80
Web Attack � Brute Force,,0.0.0.0,0.0.0.0,Unknown,80
Web Attack � Brute Force,,0.0.0.0,0.0.0.0,Unknown,80
Web Attack � Brute Force,,0.0.0.0,0.0.0.0,Unknown,80
Web Attack � Brute Force,,0.0.0.0,0.0.0.0,Unknown,80
Web Attack � Brute Force,,0.0.0.0,0.0.0.0,Unknown,80
Web Attack � Brute Force,,0.0.0.0,0.0.0.0,Unknown,80
Web Attack � Brute Force,,0.0.0.0,0.0.0.0,Unknown,80
Web Attack � Brute Force,,0.0.0.0,0.0.0.0,Unknown,80
Web Attack � Brute Force,,0.0.0.0,0.0.0.0,Unknown,80
Web Attack � Brute Force,,0.0.0.0,0.0.0.0,Unknown,80
Web Attack � Brute Force,,0.0.0.0,0.0.0.0,Unknown,80
Web Attack � Brute Force,,0.0.0.0,0.0.0.0,Unknown,80
Web Attack � Brute Force,,0.0.0.0,0.0.0.0,Unknown,80
Web Attack � Brute Force,,0.0.0.0,0.0.0.0,Unknown,80
Web Attack � Brute Force,,0.0.0.0,0.0.0.0,Unknown,80
Web Attack � Brute Force,,0.0.0.0,0.0.0.0,Unknown,80
Web Attack � Brute Force,,0.0.0.0,0.0.0.0,Unknown,80
Web Attack � Brute Force,,0.0.0.0,0.0.0.0,Unknown,80
Web Attack � Brute Force,,0.0.0.0,0.0.0.0,Unknown,80
Web Attack � Brute Force,,0.0.0.0,0.0.0.0,Unknown,80
Web Attack � Brute Force,,0.0.0.0,0.0.0.0,Unknown,80
Web Attack � Brute Force,,0.0.0.0,0.0.0.0,Unknown,80
Web Attack � Brute Force,,0.0.0.0,0.0.0.0,Unknown,80
Web Attack � Brute Force,,0.0.0.0,0.0.0.0,Unknown,80
Web Attack � Brute Force,,0.0.0.0,0.0.0.0,Unknown,80
Web Attack � Brute Force,,0.0.0.0,0.0.0.0,Unknown,80
Web Attack � Brute Force,,0.0.0.0,0.0.0.0,Unknown,80
Web Attack � Brute Force,,0.0.0.0,0.0.0.0,Unknown,80
Web Attack � Brute Force,,0.0.0.0,0.0.0.0,Unknown,80
Web Attack � Brute Force,,0.0.0.0,0.0.0.0,Unknown,80
Web Attack � Brute Force,,0.0.0.0,0.0.0.0,Unknown,80
Web Attack � Brute Force,,0.0.0.0,0.0.0.0,Unknown,80
Web Attack � Brute Force,,0.0.0.0,0.0.0.0,Unknown,80
Web Attack � Brute Force,,0.0.0.0,0.0.0.0,Unknown,80
Web Attack � Brute Force,,0.0.0.0,0.0.0.0,Unknown,80
Web Attack � Brute Force,,0.0.0.0,0.0.0.0,Unknown,80
Web Attack � Brute Force,,0.0.0.0,0.0.0.0,Unknown,80
Web Attack � Brute Force,,0.0.0.0,0.0.0.0,Unknown,80
Web Attack � Brute Force,,0.0.0.0,0.0.0.0,Unknown,80
Web Attack � Brute Force,,0.0.0.0,0.0.0.0,Unknown,80
Web Attack � Brute Force,,0.0.0.0,0.0.0.0,Unknown,80
Web Attack � Brute Force,,0.0.0.0,0.0.0.0,Unknown,80
Web Attack � Brute Force,,0.0.0.0,0.0.0.0,Unknown,80
Web Attack � Brute Force,,0.0.0.0,0.0.0.0,Unknown,80
Web Attack � Brute Force,,0.0.0.0,0.0.0.0,Unknown,80
Web Attack � Brute Force,,0.0.0.0,0.0.0.0,Unknown,80
Web Attack � Brute Force,,0.0.0.0,0.0.0.0,Unknown,80
Web Attack � Brute Force,,0.0.0.0,0.0.0.0,Unknown,80
Web Attack � Brute Force,,0.0.0.0,0.0.0.0,Unknown,80
Web Attack � Brute Force,,0.0.0.0,0.0.0.0,Unknown,80
Web Attack � Brute Force,,0.0.0.0,0.0.0.0,Unknown,80
Web Attack � Brute Force,,0.0.0.0,0.0.0.0,Unknown,80
Web Attack � Brute Force,,0.0.0.0,0.0.0.0,Unknown,80
Web Attack � Brute Force,,0.0.0.0,0.0.0.0,Unknown,80
Web Attack � Brute Force,,0.0.0.0,0.0.0.0,Unknown,80
Web Attack � Brute Force,,0.0.0.0,0.0.0.0,Unknown,80
Web Attack � Brute Force,,0.0.0.0,0.0.0.0,Unknown,80
Web Attack � Brute Force,,0.0.0.0,0.0.0.0,Unknown,80
Web Attack � Brute Force,,0.0.0.0,0.0.0.0,Unknown,80
Web Attack � Brute Force,,0.0.0.0,0.0.0.0,Unknown,80
Web Attack � Brute Force,,0.0.0.0,0.0.0.0,Unknown,80
Web Attack � Brute Force,,0.0.0.0,0.0.0.0,Unknown,80
Web Attack � Brute Force,,0.0.0.0,0.0.0.0,Unknown,80
Web Attack � Brute Force,,0.0.0.0,0.0.0.0,Unknown,80
Web Attack � Brute Force,,0.0.0.0,0.0.0.0,Unknown,80
Web Attack � Brute Force,,0.0.0.0,0.0.0.0,Unknown,80
Web Attack � Brute Force,,0.0.0.0,0.0.0.0,Unknown,80
Web Attack � Brute Force,,0.0.0.0,0.0.0.0,Unknown,80
Web Attack � Brute Force,,0.0.0.0,0.0.0.0,Unknown,80
Web Attack � Brute Force,,0.0.0.0,0.0.0.0,Unknown,80
Web Attack � Brute Force,,0.0.0.0,0.0.0.0,Unknown,80
Web Attack � Brute Force,,0.0.0.0,0.0.0.0,Unknown,80
Web Attack � Brute Force,,0.0.0.0,0.0.0.0,Unknown,80
Web Attack � Brute Force,,0.0.0.0,0.0.0.0,Unknown,80
Web Attack � Brute Force,,0.0.0.0,0.0.0.0,Unknown,80
Web Attack � Brute Force,,0.0.0.0,0.0.0.0,Unknown,80
Web Attack � Brute Force,,0.0.0.0,0.0.0.0,Unknown,80
Web Attack � Brute Force,,0.0.0.0,0.0.0.0,Unknown,80
Web Attack � Brute Force,,0.0.0.0,0.0.0.0,Unknown,80
Web Attack � Brute Force,,0.0.0.0,0.0.0.0,Unknown,80
Web Attack � Brute Force,,0.0.0.0,0.0.0.0,Unknown,80
Web Attack � Brute Force,,0.0.0.0,0.0.0.0,Unknown,80
Web Attack � Brute Force,,0.0.0.0,0.0.0.0,Unknown,80
Web Attack � Brute Force,,0.0.0.0,0.0.0.0,Unknown,80
Web Attack � Brute Force,,0.0.0.0,0.0.0.0,Unknown,80
Web Attack � Brute Force,,0.0.0.0,0.0.0.0,Unknown,80
Web Attack � Brute Force,,0.0.0.0,0.0.0.0,Unknown,80
Web Attack � Brute Force,,0.0.0.0,0.0.0.0,Unknown,80
Web Attack � Brute Force,,0.0.0.0,0.0.0.0,Unknown,80
Web Attack � Brute Force,,0.0.0.0,0.0.0.0,Unknown,80
Web Attack � Brute Force,,0.0.0.0,0.0.0.0,Unknown,80
Web Attack � Brute Force,,0.0.0.0,0.0.0.0,Unknown,80
Web Attack � Brute Force,,0.0.0.0,0.0.0.0,Unknown,80
Web Attack � Brute Force,,0.0.0.0,0.0.0.0,Unknown,80
Web Attack � Brute Force,,0.0.0.0,0.0.0.0,Unknown,80
Web Attack � Brute Force,,0.0.0.0,0.0.0.0,Unknown,80
Web Attack � Brute Force,,0.0.0.0,0.0.0.0,Unknown,80
Web Attack � Brute Force,,0.0.0.0,0.0.0.0,Unknown,80
Web Attack � Brute Force,,0.0.0.0,0.0.0.0,Unknown,80
Web Attack � Brute Force,,0.0.0.0,0.0.0.0,Unknown,80
Web Attack � Brute Force,,0.0.0.0,0.0.0.0,Unknown,80
Web Attack � Brute Force,,0.0.0.0,0.0.0.0,Unknown,80
Web Attack � Brute Force,,0.0.0.0,0.0.0.0,Unknown,80
Web Attack � Brute Force,,0.0.0.0,0.0.0.0,Unknown,80
Web Attack � Brute Force,,0.0.0.0,0.0.0.0,Unknown,80
Web Attack � Brute Force,,0.0.0.0,0.0.0.0,Unknown,80
Web Attack � Brute Force,,0.0.0.0,0.0.0.0,Unknown,80
Web Attack � Brute Force,,0.0.0.0,0.0.0.0,Unknown,80
Web Attack � Brute Force,,0.0.0.0,0.0.0.0,Unknown,80
Web Attack � Brute Force,,0.0.0.0,0.0.0.0,Unknown,80
Web Attack � Brute Force,,0.0.0.0,0.0.0.0,Unknown,80
Web Attack � Brute Force,,0.0.0.0,0.0.0.0,Unknown,80
Web Attack � Brute Force,,0.0.0.0,0.0.0.0,Unknown,80
Web Attack � Brute Force,,0.0.0.0,0.0.0.0,Unknown,80
Web Attack � Brute Force,,0.0.0.0,0.0.0.0,Unknown,80
Web Attack � Brute Force,,0.0.0.0,0.0.0.0,Unknown,80
Web Attack � Brute Force,,0.0.0.0,0.0.0.0,Unknown,80
Web Attack � Brute Force,,0.0.0.0,0.0.0.0,Unknown,80
Web Attack � Brute Force,,0.0.0.0,0.0.0.0,Unknown,80
Web Attack � Brute Force,,0.0.0.0,0.0.0.0,Unknown,80
Web Attack � Brute Force,,0.0.0.0,0.0.0.0,Unknown,80
Web Attack � Brute Force,,0.0.0.0,0.0.0.0,Unknown,80
Web Attack � Brute Force,,0.0.0.0,0.0.0.0,Unknown,80
Web Attack � Brute Force,,0.0.0.0,0.0.0.0,Unknown,80
Web Attack � Brute Force,,0.0.0.0,0.0.0.0,Unknown,80
Web Attack � Brute Force,,0.0.0.0,0.0.0.0,Unknown,80
Web Attack � Brute Force,,0.0.0.0,0.0.0.0,Unknown,80
Web Attack � Brute Force,,0.0.0.0,0.0.0.0,Unknown,80
Web Attack � Brute Force,,0.0.0.0,0.0.0.0,Unknown,80
Web Attack � Brute Force,,0.0.0.0,0.0.0.0,Unknown,80
Web Attack � Brute Force,,0.0.0.0,0.0.0.0,Unknown,80
Web Attack � Brute Force,,0.0.0.0,0.0.0.0,Unknown,80
Web Attack � Brute Force,,0.0.0.0,0.0.0.0,Unknown,80
Web Attack � Brute Force,,0.0.0.0,0.0.0.0,Unknown,80
Web Attack � Brute Force,,0.0.0.0,0.0.0.0,Unknown,80
Web Attack � Brute Force,,0.0.0.0,0.0.0.0,Unknown,80
Web Attack � Brute Force,,0.0.0.0,0.0.0.0,Unknown,80
Web Attack � Brute Force,,0.0.0.0,0.0.0.0,Unknown,80
Web Attack � Brute Force,,0.0.0.0,0.0.0.0,Unknown,80
Web Attack � Brute Force,,0.0.0.0,0.0.0.0,Unknown,80
Web Attack � Brute Force,,0.0.0.0,0.0.0.0,Unknown,80
Web Attack � Brute Force,,0.0.0.0,0.0.0.0,Unknown,80
Web Attack � Brute Force,,0.0.0.0,0.0.0.0,Unknown,80
Web Attack � Brute Force,,0.0.0.0,0.0.0.0,Unknown,80
Web Attack � Brute Force,,0.0.0.0,0.0.0.0,Unknown,80
Web Attack � Brute Force,,0.0.0.0,0.0.0.0,Unknown,80
Web Attack � Brute Force,,0.0.0.0,0.0.0.0,Unknown,80
Web Attack � Brute Force,,0.0.0.0,0.0.0.0,Unknown,80
Web Attack � Brute Force,,0.0.0.0,0.0.0.0,Unknown,80
Web Attack � Brute Force,,0.0.0.0,0.0.0.0,Unknown,80
Web Attack � Brute Force,,0.0.0.0,0.0.0.0,Unknown,80
Web Attack � Brute Force,,0.0.0.0,0.0.0.0,Unknown,80
Web Attack � Brute Force,,0.0.0.0,0.0.0.0,Unknown,80
Web Attack � Brute Force,,0.0.0.0,0.0.0.0,Unknown,80
Web Attack � Brute Force,,0.0.0.0,0.0.0.0,Unknown,80
Web Attack � Brute Force,,0.0.0.0,0.0.0.0,Unknown,80
Web Attack � Brute Force,,0.0.0.0,0.0.0.0,Unknown,80
Web Attack � Brute Force,,0.0.0.0,0.0.0.0,Unknown,80
Web Attack � Brute Force,,0.0.0.0,0.0.0.0,Unknown,80
Web Attack � Brute Force,,0.0.0.0,0.0.0.0,Unknown,80
Web Attack � Brute Force,,0.0.0.0,0.0.0.0,Unknown,80
Web Attack � Brute Force,,0.0.0.0,0.0.0.0,Unknown,80
Web Attack � Brute Force,,0.0.0.0,0.0.0.0,Unknown,80
Web Attack � Brute Force,,0.0.0.0,0.0.0.0,Unknown,80
Web Attack � Brute Force,,0.0.0.0,0.0.0.0,Unknown,80
Web Attack � Brute Force,,0.0.0.0,0.0.0.0,Unknown,80
Web Attack � Brute Force,,0.0.0.0,0.0.0.0,Unknown,80
Web Attack � Brute Force,,0.0.0.0,0.0.0.0,Unknown,80
Web Attack � Brute Force,,0.0.0.0,0.0.0.0,Unknown,80
Web Attack � Brute Force,,0.0.0.0,0.0.0.0,Unknown,80
Web Attack � Brute Force,,0.0.0.0,0.0.0.0,Unknown,80
Web Attack � Brute Force,,0.0.0.0,0.0.0.0,Unknown,80
Web Attack � Brute Force,,0.0.0.0,0.0.0.0,Unknown,80
Web Attack � Brute Force,,0.0.0.0,0.0.0.0,Unknown,80
Web Attack � Brute Force,,0.0.0.0,0.0.0.0,Unknown,80
Web Attack � Brute Force,,0.0.0.0,0.0.0.0,Unknown,80
Web Attack � Brute Force,,0.0.0.0,0.0.0.0,Unknown,80
Web Attack � Brute Force,,0.0.0.0,0.0.0.0,Unknown,80
Web Attack � Brute Force,,0.0.0.0,0.0.0.0,Unknown,80
Web Attack � Brute Force,,0.0.0.0,0.0.0.0,Unknown,80
Web Attack � Brute Force,,0.0.0.0,0.0.0.0,Unknown,80
Web Attack � Brute Force,,0.0.0.0,0.0.0.0,Unknown,80
Web Attack � Brute Force,,0.0.0.0,0.0.0.0,Unknown,80
Web Attack � Brute Force,,0.0.0.0,0.0.0.0,Unknown,80
Web Attack � Brute Force,,0.0.0.0,0.0.0.0,Unknown,80
Web Attack � Brute Force,,0.0.0.0,0.0.0.0,Unknown,80
Web Attack � Brute Force,,0.0.0.0,0.0.0.0,Unknown,80
Web Attack � Brute Force,,0.0.0.0,0.0.0.0,Unknown,80
Web Attack � Brute Force,,0.0.0.0,0.0.0.0,Unknown,80
Web Attack � Brute Force,,0.0.0.0,0.0.0.0,Unknown,80
Web Attack � Brute Force,,0.0.0.0,0.0.0.0,Unknown,80
Web Attack � Brute Force,,0.0.0.0,0.0.0.0,Unknown,80
Web Attack � Brute Force,,0.0.0.0,0.0.0.0,Unknown,80
Web Attack � Brute Force,,0.0.0.0,0.0.0.0,Unknown,80
Web Attack � Brute Force,,0.0.0.0,0.0.0.0,Unknown,80
Web Attack � Brute Force,,0.0.0.0,0.0.0.0,Unknown,80
Web Attack � Brute Force,,0.0.0.0,0.0.0.0,Unknown,80
Web Attack � Brute Force,,0.0.0.0,0.0.0.0,Unknown,80
Web Attack � Brute Force,,0.0.0.0,0.0.0.0,Unknown,80
Web Attack � Brute Force,,0.0.0.0,0.0.0.0,Unknown,80
Web Attack � Brute Force,,0.0.0.0,0.0.0.0,Unknown,80
Web Attack � Brute Force,,0.0.0.0,0.0.0.0,Unknown,80
Web Attack � Brute Force,,0.0.0.0,0.0.0.0,Unknown,80
Web Attack � Brute Force,,0.0.0.0,0.0.0.0,Unknown,80
Web Attack � Brute Force,,0.0.0.0,0.0.0.0,Unknown,80
Web Attack � Brute Force,,0.0.0.0,0.0.0.0,Unknown,80
Web Attack � Brute Force,,0.0.0.0,0.0.0.0,Unknown,80
Web Attack � Brute Force,,0.0.0.0,0.0.0.0,Unknown,80
Web Attack � Brute Force,,0.0.0.0,0.0.0.0,Unknown,80
Web Attack � Brute Force,,0.0.0.0,0.0.0.0,Unknown,80
Web Attack � Brute Force,,0.0.0.0,0.0.0.0,Unknown,80
Web Attack � Brute Force,,0.0.0.0,0.0.0.0,Unknown,80
Web Attack � Brute Force,,0.0.0.0,0.0.0.0,Unknown,80
Web Attack � Brute Force,,0.0.0.0,0.0.0.0,Unknown,80
Web Attack � Brute Force,,0.0.0.0,0.0.0.0,Unknown,80
Web Attack � Brute Force,,0.0.0.0,0.0.0.0,Unknown,80
Web Attack � Sql Injection,,0.0.0.0,0.0.0.0,Unknown,80
Web Attack � Sql Injection,,0.0.0.0,0.0.0.0,Unknown,80
Web Attack � Sql Injection,,0.0.0.0,0.0.0.0,Unknown,80
Web Attack � Sql Injection,,0.0.0.0,0.0.0.0,Unknown,80
Web Attack � Sql Injection,,0.0.0.0,0.0.0.0,Unknown,80
Web Attack � Sql Injection,,0.0.0.0,0.0.0.0,Unknown,80
Web Attack � Sql Injection,,0.0.0.0,0.0.0.0,Unknown,80
Web Attack � Sql Injection,,0.0.0.0,0.0.0.0,Unknown,80
Web Attack � Sql Injection,,0.0.0.0,0.0.0.0,Unknown,80
Web Attack � Sql Injection,,0.0.0.0,0.0.0.0,Unknown,80
Web Attack � Sql Injection,,0.0.0.0,0.0.0.0,Unknown,80
Web Attack � Sql Injection,,0.0.0.0,0.0.0.0,Unknown,80
Web Attack � Sql Injection,,0.0.0.0,0.0.0.0,Unknown,80
Web Attack � Sql Injection,,0.0.0.0,0.0.0.0,Unknown,80
Web Attack � Sql Injection,,0.0.0.0,0.0.0.0,Unknown,80
Web Attack � Sql Injection,,0.0.0.0,0.0.0.0,Unknown,80
Web Attack � Sql Injection,,0.0.0.0,0.0.0.0,Unknown,80
Web Attack � Sql Injection,,0.0.0.0,0.0.0.0,Unknown,80
Web Attack � Sql Injection,,0.0.0.0,0.0.0.0,Unknown,80
Web Attack � Sql Injection,,0.0.0.0,0.0.0.0,Unknown,80
Web Attack � Sql Injection,,0.0.0.0,0.0.0.0,Unknown,80
Web Attack � XSS,,0.0.0.0,0.0.0.0,Unknown,80
Web Attack � XSS,,0.0.0.0,0.0.0.0,Unknown,80
Web Attack � XSS,,0.0.0.0,0.0.0.0,Unknown,80
Web Attack � XSS,,0.0.0.0,0.0.0.0,Unknown,80
Web Attack � XSS,,0.0.0.0,0.0.0.0,Unknown,80
Web Attack � XSS,,0.0.0.0,0.0.0.0,Unknown,80
Web Attack � XSS,,0.0.0.0,0.0.0.0,Unknown,80
Web Attack � XSS,,0.0.0.0,0.0.0.0,Unknown,80
Web Attack � XSS,,0.0.0.0,0.0.0.0,Unknown,80
Web Attack � XSS,,0.0.0.0,0.0.0.0,Unknown,80
Web Attack � XSS,,0.0.0.0,0.0.0.0,Unknown,80
Web Attack � XSS,,0.0.0.0,0.0.0.0,Unknown,80
Web Attack � XSS,,0.0.0.0,0.0.0.0,Unknown,80
Web Attack � XSS,,0.0.0.0,0.0.0.0,Unknown,80
Web Attack � XSS,,0.0.0.0,0.0.0.0,Unknown,80
Web Attack � XSS,,0.0.0.0,0.0.0.0,Unknown,80
Web Attack � XSS,,0.0.0.0,0.0.0.0,Unknown,80
Web Attack � XSS,,0.0.0.0,0.0.0.0,Unknown,80
Web Attack � XSS,,0.0.0.0,0.0.0.0,Unknown,80
Web Attack � XSS,,0.0.0.0,0.0.0.0,Unknown,80
Web Attack � XSS,,0.0.0.0,0.0.0.0,Unknown,80
Web Attack � XSS,,0.0.0.0,0.0.0.0,Unknown,80
Web Attack � XSS,,0.0.0.0,0.0.0.0,Unknown,80
Web Attack � XSS,,0.0.0.0,0.0.0.0,Unknown,80
Web Attack � XSS,,0.0.0.0,0.0.0.0,Unknown,80
Web Attack � XSS,,0.0.0.0,0.0.0.0,Unknown,80
Web Attack � XSS,,0.0.0.0,0.0.0.0,Unknown,80
Web Attack � XSS,,0.0.0.0,0.0.0.0,Unknown,80
Web Attack � XSS,,0.0.0.0,0.0.0.0,Unknown,80
Web Attack � XSS,,0.0.0.0,0.0.0.0,Unknown,80
Web Attack � XSS,,0.0.0.0,0.0.0.0,Unknown,80
Web Attack � XSS,,0.0.0.0,0.0.0.0,Unknown,80
Web Attack � XSS,,0.0.0.0,0.0.0.0,Unknown,80
Web Attack � XSS,,0.0.0.0,0.0.0.0,Unknown,80
Web Attack � XSS,,0.0.0.0,0.0.0.0,Unknown,80
Web Attack � XSS,,0.0.0.0,0.0.0.0,Unknown,80
Web Attack � XSS,,0.0.0.0,0.0.0.0,Unknown,80
Web Attack � XSS,,0.0.0.0,0.0.0.0,Unknown,80
Web Attack � XSS,,0.0.0.0,0.0.0.0,Unknown,80
Web Attack � XSS,,0.0.0.0,0.0.0.0,Unknown,80
Web Attack � XSS,,0.0.0.0,0.0.0.0,Unknown,80
Web Attack � XSS,,0.0.0.0,0.0.0.0,Unknown,80
Web Attack � XSS,,0.0.0.0,0.0.0.0,Unknown,80
Web Attack � XSS,,0.0.0.0,0.0.0.0,Unknown,80
Web Attack � XSS,,0.0.0.0,0.0.0.0,Unknown,80
Web Attack � XSS,,0.0.0.0,0.0.0.0,Unknown,80
Web Attack � XSS,,0.0.0.0,0.0.0.0,Unknown,80
Web Attack � XSS,,0.0.0.0,0.0.0.0,Unknown,80
Web Attack � XSS,,0.0.0.0,0.0.0.0,Unknown,80
Web Attack � XSS,,0.0.0.0,0.0.0.0,Unknown,80
Web Attack � XSS,,0.0.0.0,0.0.0.0,Unknown,80
Web Attack � XSS,,0.0.0.0,0.0.0.0,Unknown,80
Web Attack � XSS,,0.0.0.0,0.0.0.0,Unknown,80
Web Attack � XSS,,0.0.0.0,0.0.0.0,Unknown,80
Web Attack � XSS,,0.0.0.0,0.0.0.0,Unknown,80
Web Attack � XSS,,0.0.0.0,0.0.0.0,Unknown,80
Web Attack � XSS,,0.0.0.0,0.0.0.0,Unknown,80
Web Attack � XSS,,0.0.0.0,0.0.0.0,Unknown,80
Web Attack � XSS,,0.0.0.0,0.0.0.0,Unknown,80
Web Attack � XSS,,0.0.0.0,0.0.0.0,Unknown,80
Web Attack � XSS,,0.0.0.0,0.0.0.0,Unknown,80
Web Attack � XSS,,0.0.0.0,0.0.0.0,Unknown,80
Web Attack � XSS,,0.0.0.0,0.0.0.0,Unknown,80
Web Attack � XSS,,0.0.0.0,0.0.0.0,Unknown,80
Web Attack � XSS,,0.0.0.0,0.0.0.0,Unknown,80
Web Attack � XSS,,0.0.0.0,0.0.0.0,Unknown,80
Web Attack � XSS,,0.0.0.0,0.0.0.0,Unknown,80
Web Attack � XSS,,0.0.0.0,0.0.0.0,Unknown,80
Web Attack � XSS,,0.0.0.0,0.0.0.0,Unknown,80
Web Attack � XSS,,0.0.0.0,0.0.0.0,Unknown,80
Web Attack � XSS,,0.0.0.0,0.0.0.0,Unknown,80
Web Attack � XSS,,0.0.0.0,0.0.0.0,Unknown,80
Web Attack � XSS,,0.0.0.0,0.0.0.0,Unknown,80
Web Attack � XSS,,0.0.0.0,0.0.0.0,Unknown,80
Web Attack � XSS,,0.0.0.0,0.0.0.0,Unknown,80
Web Attack � XSS,,0.0.0.0,0.0.0.0,Unknown,80
Web Attack � XSS,,0.0.0.0,0.0.0.0,Unknown,80
Web Attack � XSS,,0.0.0.0,0.0.0.0,Unknown,80
Web Attack � XSS,,0.0.0.0,0.0.0.0,Unknown,80
Web Attack � XSS,,0.0.0.0,0.0.0.0,Unknown,80
Web Attack � XSS,,0.0.0.0,0.0.0.0,Unknown,80
Web Attack � XSS,,0.0.0.0,0.0.0.0,Unknown,80
Web Attack � XSS,,0.0.0.0,0.0.0.0,Unknown,80
Web Attack � XSS,,0.0.0.0,0.0.0.0,Unknown,80
Web Attack � XSS,,0.0.0.0,0.0.0.0,Unknown,80
Web Attack � XSS,,0.0.0.0,0.0.0.0,Unknown,80
Web Attack � XSS,,0.0.0.0,0.0.0.0,Unknown,80
Web Attack � XSS,,0.0.0.0,0.0.0.0,Unknown,80
Web Attack � XSS,,0.0.0.0,0.0.0.0,Unknown,80
Web Attack � XSS,,0.0.0.0,0.0.0.0,Unknown,80
Web Attack � XSS,,0.0.0.0,0.0.0.0,Unknown,80
Web Attack � XSS,,0.0.0.0,0.0.0.0,Unknown,80
Web Attack � XSS,,0.0.0.0,0.0.0.0,Unknown,80
Web Attack � XSS,,0.0.0.0,0.0.0.0,Unknown,80
Web Attack � XSS,,0.0.0.0,0.0.0.0,Unknown,80
Web Attack � XSS,,0.0.0.0,0.0.0.0,Unknown,80
Web Attack � XSS,,0.0.0.0,0.0.0.0,Unknown,80
Web Attack � XSS,,0.0.0.0,0.0.0.0,Unknown,80
Web Attack � XSS,,0.0.0.0,0.0.0.0,Unknown,80
Web Attack � XSS,,0.0.0.0,0.0.0.0,Unknown,80
Web Attack � XSS,,0.0.0.0,0.0.0.0,Unknown,80
Web Attack � XSS,,0.0.0.0,0.0.0.0,Unknown,80
Web Attack � XSS,,0.0.0.0,0.0.0.0,Unknown,80
Web Attack � XSS,,0.0.0.0,0.0.0.0,Unknown,80
Web Attack � XSS,,0.0.0.0,0.0.0.0,Unknown,80
Web Attack � XSS,,0.0.0.0,0.0.0.0,Unknown,80
Web Attack � XSS,,0.0.0.0,0.0.0.0,Unknown,80
Web Attack � XSS,,0.0.0.0,0.0.0.0,Unknown,80
Web Attack � XSS,,0.0.0.0,0.0.0.0,Unknown,80
Web Attack � XSS,,0.0.0.0,0.0.0.0,Unknown,80
Web Attack � XSS,,0.0.0.0,0.0.0.0,Unknown,80
Web Attack � XSS,,0.0.0.0,0.0.0.0,Unknown,80
Web Attack � XSS,,0.0.0.0,0.0.0.0,Unknown,80
Web Attack � XSS,,0.0.0.0,0.0.0.0,Unknown,80
Web Attack � XSS,,0.0.0.0,0.0.0.0,Unknown,80
Web Attack � XSS,,0.0.0.0,0.0.0.0,Unknown,80
Web Attack � XSS,,0.0.0.0,0.0.0.0,Unknown,80
Web Attack � XSS,,0.0.0.0,0.0.0.0,Unknown,80
Web Attack � XSS,,0.0.0.0,0.0.0.0,Unknown,80
Web Attack � XSS,,0.0.0.0,0.0.0.0,Unknown,80
Web Attack � XSS,,0.0.0.0,0.0.0.0,Unknown,80
Web Attack � XSS,,0.0.0.0,0.0.0.0,Unknown,80
Web Attack � XSS,,0.0.0.0,0.0.0.0,Unknown,80
Web Attack � XSS,,0.0.0.0,0.0.0.0,Unknown,80
Web Attack � XSS,,0.0.0.0,0.0.0.0,Unknown,80
Web Attack � XSS,,0.0.0.0,0.0.0.0,Unknown,80
Web Attack � XSS,,0.0.0.0,0.0.0.0,Unknown,80
Web Attack � XSS,,0.0.0.0,0.0.0.0,Unknown,80
Web Attack � XSS,,0.0.0.0,0.0.0.0,Unknown,80
Web Attack � XSS,,0.0.0.0,0.0.0.0,Unknown,80
Web Attack � XSS,,0.0.0.0,0.0.0.0,Unknown,80
Web Attack � XSS,,0.0.0.0,0.0.0.0,Unknown,80
Web Attack � XSS,,0.0.0.0,0.0.0.0,Unknown,80
Web Attack � XSS,,0.0.0.0,0.0.0.0,Unknown,80
Web Attack � XSS,,0.0.0.0,0.0.0.0,Unknown,80
Web Attack � XSS,,0.0.0.0,0.0.0.0,Unknown,80
Web Attack � XSS,,0.0.0.0,0.0.0.0,Unknown,80
Web Attack � XSS,,0.0.0.0,0.0.0.0,Unknown,80
Web Attack � XSS,,0.0.0.0,0.0.0.0,Unknown,80
Web Attack � XSS,,0.0.0.0,0.0.0.0,Unknown,80
Web Attack � XSS,,0.0.0.0,0.0.0.0,Unknown,80
Web Attack � XSS,,0.0.0.0,0.0.0.0,Unknown,80
Web Attack � XSS,,0.0.0.0,0.0.0.0,Unknown,80
Web Attack � XSS,,0.0.0.0,0.0.0.0,Unknown,80
Web Attack � XSS,,0.0.0.0,0.0.0.0,Unknown,80
Web Attack � XSS,,0.0.0.0,0.0.0.0,Unknown,80
Web Attack � XSS,,0.0.0.0,0.0.0.0,Unknown,80
Web Attack � XSS,,0.0.0.0,0.0.0.0,Unknown,80
Web Attack � XSS,,0.0.0.0,0.0.0.0,Unknown,80
Web Attack � XSS,,0.0.0.0,0.0.0.0,Unknown,80
Web Attack � XSS,,0.0.0.0,0.0.0.0,Unknown,80
Web Attack � XSS,,0.0.0.0,0.0.0.0,Unknown,80
Web Attack � XSS,,0.0.0.0,0.0.0.0,Unknown,80
Web Attack � XSS,,0.0.0.0,0.0.0.0,Unknown,80
Web Attack � XSS,,0.0.0.0,0.0.0.0,Unknown,80
Web Attack � XSS,,0.0.0.0,0.0.0.0,Unknown,80
Web Attack � XSS,,0.0.0.0,0.0.0.0,Unknown,80
Web Attack � XSS,,0.0.0.0,0.0.0.0,Unknown,80
Web Attack � XSS,,0.0.0.0,0.0.0.0,Unknown,80
Web Attack � XSS,,0.0.0.0,0.0.0.0,Unknown,80
Web Attack � XSS,,0.0.0.0,0.0.0.0,Unknown,80
Web Attack � XSS,,0.0.0.0,0.0.0.0,Unknown,80
Web Attack � XSS,,0.0.0.0,0.0.0.0,Unknown,80
Web Attack � XSS,,0.0.0.0,0.0.0.0,Unknown,80
Web Attack � XSS,,0.0.0.0,0.0.0.0,Unknown,80
Web Attack � XSS,,0.0.0.0,0.0.0.0,Unknown,80
Web Attack � XSS,,0.0.0.0,0.0.0.0,Unknown,80
Web Attack � XSS,,0.0.0.0,0.0.0.0,Unknown,80
Web Attack � XSS,,0.0.0.0,0.0.0.0,Unknown,80
Web Attack � XSS,,0.0.0.0,0.0.0.0,Unknown,80
Web Attack � XSS,,0.0.0.0,0.0.0.0,Unknown,80
Web Attack � XSS,,0.0.0.0,0.0.0.0,Unknown,80
Web Attack � XSS,,0.0.0.0,0.0.0.0,Unknown,80
Web Attack � XSS,,0.0.0.0,0.0.0.0,Unknown,80
Web Attack � XSS,,0.0.0.0,0.0.0.0,Unknown,80
Web Attack � XSS,,0.0.0.0,0.0.0.0,Unknown,80
Web Attack � XSS,,0.0.0.0,0.0.0.0,Unknown,80
Web Attack � XSS,,0.0.0.0,0.0.0.0,Unknown,80
Web Attack � XSS,,0.0.0.0,0.0.0.0,Unknown,80
Web Attack � XSS,,0.0.0.0,0.0.0.0,Unknown,80
Web Attack � XSS,,0.0.0.0,0.0.0.0,Unknown,80
Web Attack � XSS,,0.0.0.0,0.0.0.0,Unknown,80
Web Attack � XSS,,0.0.0.0,0.0.0.0,Unknown,80
Web Attack � XSS,,0.0.0.0,0.0.0.0,Unknown,80
Web Attack � XSS,,0.0.0.0,0.0.0.0,Unknown,80
Web Attack � XSS,,0.0.0.0,0.0.0.0,Unknown,80
Web Attack � XSS,,0.0.0.0,0.0.0.0,Unknown,80
Web Attack � XSS,,0.0.0.0,0.0.0.0,Unknown,80
Web Attack � XSS,,0.0.0.0,0.0.0.0,Unknown,80
Web Attack � XSS,,0.0.0.0,0.0.0.0,Unknown,80
Web Attack � XSS,,0.0.0.0,0.0.0.0,Unknown,80
Web Attack � XSS,,0.0.0.0,0.0.0.0,Unknown,80
Web Attack � XSS,,0.0.0.0,0.0.0.0,Unknown,80
Web Attack � XSS,,0.0.0.0,0.0.0.0,Unknown,80
Web Attack � XSS,,0.0.0.0,0.0.0.0,Unknown,80
Web Attack � XSS,,0.0.0.0,0.0.0.0,Unknown,80
Web Attack � XSS,,0.0.0.0,0.0.0.0,Unknown,80
Web Attack � XSS,,0.0.0.0,0.0.0.0,Unknown,80
Web Attack � XSS,,0.0.0.0,0.0.0.0,Unknown,80
Web Attack � XSS,,0.0.0.0,0.0.0.0,Unknown,80
Web Attack � XSS,,0.0.0.0,0.0.0.0,Unknown,80
Web Attack � XSS,,0.0.0.0,0.0.0.0,Unknown,80
Web Attack � XSS,,0.0.0.0,0.0.0.0,Unknown,80
Web Attack � XSS,,0.0.0.0,0.0.0.0,Unknown,80
Web Attack � XSS,,0.0.0.0,0.0.0.0,Unknown,80
Web Attack � XSS,,0.0.0.0,0.0.0.0,Unknown,80
Web Attack � XSS,,0.0.0.0,0.0.0.0,Unknown,80
Web Attack � XSS,,0.0.0.0,0.0.0.0,Unknown,80
Web Attack � XSS,,0.0.0.0,0.0.0.0,Unknown,80
Web Attack � XSS,,0.0.0.0,0.0.0.0,Unknown,80
Web Attack � XSS,,0.0.0.0,0.0.0.0,Unknown,80
Web Attack � XSS,,0.0.0.0,0.0.0.0,Unknown,80
Web Attack � XSS,,0.0.0.0,0.0.0.0,Unknown,80
Web Attack � XSS,,0.0.0.0,0.0.0.0,Unknown,80
Web Attack � XSS,,0.0.0.0,0.0.0.0,Unknown,80
Web Attack � XSS,,0.0.0.0,0.0.0.0,Unknown,80
Web Attack � XSS,,0.0.0.0,0.0.0.0,Unknown,80
Web Attack � XSS,,0.0.0.0,0.0.0.0,Unknown,80
Web Attack � XSS,,0.0.0.0,0.0.0.0,Unknown,80
Web Attack � XSS,,0.0.0.0,0.0.0.0,Unknown,80
Web Attack � XSS,,0.0.0.0,0.0.0.0,Unknown,80
Web Attack � XSS,,0.0.0.0,0.0.0.0,Unknown,80
Web Attack � XSS,,0.0.0.0,0.0.0.0,Unknown,80
Web Attack � XSS,,0.0.0.0,0.0.0.0,Unknown,80
Web Attack � XSS,,0.0.0.0,0.0.0.0,Unknown,80
Web Attack � XSS,,0.0.0.0,0.0.0.0,Unknown,80
Web Attack � XSS,,0.0.0.0,0.0.0.0,Unknown,80
Web Attack � XSS,,0.0.0.0,0.0.0.0,Unknown,80
Web Attack � XSS,,0.0.0.0,0.0.0.0,Unknown,80
Web Attack � XSS,,0.0.0.0,0.0.0.0,Unknown,80
Web Attack � XSS,,0.0.0.0,0.0.0.0,Unknown,80
Web Attack � XSS,,0.0.0.0,0.0.0.0,Unknown,80
Web Attack � XSS,,0.0.0.0,0.0.0.0,Unknown,80
Web Attack � XSS,,0.0.0.0,0.0.0.0,Unknown,80
Web Attack � XSS,,0.0.0.0,0.0.0.0,Unknown,80
Web Attack � XSS,,0.0.0.0,0.0.0.0,Unknown,80
Web Attack � XSS,,0.0.0.0,0.0.0.0,Unknown,80
Web Attack � XSS,,0.0.0.0,0.0.0.0,Unknown,80
Web Attack � XSS,,0.0.0.0,0.0.0.0,Unknown,80
Web Attack � XSS,,0.0.0.0,0.0.0.0,Unknown,80
Web Attack � XSS,,0.0.0.0,0.0.0.0,Unknown,80
Web Attack � XSS,,0.0.0.0,0.0.0.0,Unknown,80
Web Attack � XSS,,0.0.0.0,0.0.0.0,Unknown,80
Web Attack � XSS,,0.0.0.0,0.0.0.0,Unknown,80
Web Attack � XSS,,0.0.0.0,0.0.0.0,Unknown,80
Web Attack � XSS,,0.0.0.0,0.0.0.0,Unknown,80
Web Attack � XSS,,0.0.0.0,0.0.0.0,Unknown,80
Web Attack � XSS,,0.0.0.0,0.0.0.0,Unknown,80
Web Attack � XSS,,0.0.0.0,0.0.0.0,Unknown,80
Web Attack � XSS,,0.0.0.0,0.0.0.0,Unknown,80
